,number,value,datetime_start,datetime_complete,duration,params_alpha,params_topK,state
0,0,0.03142955993344627,2023-12-18 18:15:54.928758,2023-12-18 18:16:04.719304,0 days 00:00:09.790546,0.30997722161199365,629,COMPLETE
1,1,0.03131763745753411,2023-12-18 18:16:04.720402,2023-12-18 18:16:14.213588,0 days 00:00:09.493186,0.5512704221356964,568,COMPLETE
2,2,0.03135604680293822,2023-12-18 18:16:14.214489,2023-12-18 18:16:22.514330,0 days 00:00:08.299841,0.5083380564922562,493,COMPLETE
3,3,0.03137272090316156,2023-12-18 18:16:22.515217,2023-12-18 18:16:31.503231,0 days 00:00:08.988014,0.5403428336566187,669,COMPLETE
4,4,0.03126977405151003,2023-12-18 18:16:31.504070,2023-12-18 18:16:40.831151,0 days 00:00:09.327081,0.5762619252348546,359,COMPLETE
5,5,0.03127184200370755,2023-12-18 18:16:40.832244,2023-12-18 18:16:52.912420,0 days 00:00:12.080176,0.5693603573574711,578,COMPLETE
6,6,0.031376445589528734,2023-12-18 18:16:52.913883,2023-12-18 18:17:06.307519,0 days 00:00:13.393636,0.5230987081013396,583,COMPLETE
7,7,0.03131732508999384,2023-12-18 18:17:06.308551,2023-12-18 18:17:18.249783,0 days 00:00:11.941232,0.2539196807188236,370,COMPLETE
8,8,0.03122869969696425,2023-12-18 18:17:18.250643,2023-12-18 18:17:27.725707,0 days 00:00:09.475064,0.24660102612096685,437,COMPLETE
9,9,0.031355940044411806,2023-12-18 18:17:27.726541,2023-12-18 18:17:37.789963,0 days 00:00:10.063422,0.5417523807154554,497,COMPLETE
10,10,0.03139149458773838,2023-12-18 18:17:37.791509,2023-12-18 18:17:48.131873,0 days 00:00:10.340364,0.3594358103946793,696,COMPLETE
11,11,0.031382341032600396,2023-12-18 18:17:48.132683,2023-12-18 19:17:58.841567,0 days 01:00:10.708884,0.34622070175717407,676,COMPLETE
12,12,0.03138548447810135,2023-12-18 19:17:58.843706,2023-12-18 19:18:08.290420,0 days 00:00:09.446714,0.3610455324459092,698,COMPLETE
13,13,0.031414783762581985,2023-12-18 19:18:08.291547,2023-12-18 19:18:17.228395,0 days 00:00:08.936848,0.30642376704712393,636,COMPLETE
14,14,0.03143960314297131,2023-12-18 19:18:17.229344,2023-12-18 19:18:26.137751,0 days 00:00:08.908407,0.2955303548055208,630,COMPLETE
15,15,0.031164241271106827,2023-12-18 19:18:26.138702,2023-12-18 19:18:35.955938,0 days 00:00:09.817236,0.21767092369234559,624,COMPLETE
16,16,0.03145115283392508,2023-12-18 19:18:35.956983,2023-12-18 19:18:45.193727,0 days 00:00:09.236744,0.4376550346381663,620,COMPLETE
17,17,0.0314769725812474,2023-12-18 19:18:45.194583,2023-12-18 19:18:54.690266,0 days 00:00:09.495683,0.4594303245856034,545,COMPLETE
18,18,0.03146804045120131,2023-12-18 19:18:54.691338,2023-12-18 19:19:04.001397,0 days 00:00:09.310059,0.45331581905485496,539,COMPLETE
19,19,0.031471867942075404,2023-12-18 19:19:04.002640,2023-12-18 19:19:13.694053,0 days 00:00:09.691413,0.4392704583356487,530,COMPLETE
20,20,0.03140740556219852,2023-12-18 19:19:13.695095,2023-12-18 19:19:22.318748,0 days 00:00:08.623653,0.47490306122577275,448,COMPLETE
21,21,0.03146532799382561,2023-12-18 19:19:22.319698,2023-12-18 19:19:31.256386,0 days 00:00:08.936688,0.43140523972005346,534,COMPLETE
22,22,0.03137376081028952,2023-12-18 19:19:31.257429,2023-12-18 19:19:40.782501,0 days 00:00:09.525072,0.4819608479717029,544,COMPLETE
23,23,0.03146485746550538,2023-12-18 19:19:40.783397,2023-12-18 19:19:49.601717,0 days 00:00:08.818320,0.41126661126509634,498,COMPLETE
24,24,0.03143785942037258,2023-12-18 19:19:49.602676,2023-12-18 19:19:58.281122,0 days 00:00:08.678446,0.46212087686380343,466,COMPLETE
25,25,0.03143161206956565,2023-12-18 19:19:58.282026,2023-12-18 19:20:07.657545,0 days 00:00:09.375519,0.39966640628574207,556,COMPLETE
26,26,0.0313183808131997,2023-12-18 19:20:07.658482,2023-12-18 19:20:17.289759,0 days 00:00:09.631277,0.4919642668686683,519,COMPLETE
27,27,0.03146704403828779,2023-12-18 19:20:17.290703,2023-12-18 19:20:26.806663,0 days 00:00:09.515960,0.4620322866600539,589,COMPLETE
28,28,0.0312281856744294,2023-12-18 19:20:26.807559,2023-12-18 19:20:36.121937,0 days 00:00:09.314378,0.5944105663057372,395,COMPLETE
29,29,0.03135153922071042,2023-12-18 19:20:36.122989,2023-12-18 19:20:45.642433,0 days 00:00:09.519444,0.5038344944061364,525,COMPLETE
30,30,0.03146385709857234,2023-12-18 19:20:45.643427,2023-12-18 19:20:57.095217,0 days 00:00:11.451790,0.44199872367492604,471,COMPLETE
31,31,0.031443347599435914,2023-12-18 19:20:57.096143,2023-12-18 19:21:06.116057,0 days 00:00:09.019914,0.464968699281796,601,COMPLETE
32,32,0.031458364965489545,2023-12-18 19:21:06.116982,2023-12-18 19:21:15.923545,0 days 00:00:09.806563,0.45276893129642415,592,COMPLETE
33,33,0.031344868789817217,2023-12-18 19:21:15.924496,2023-12-18 19:21:24.694792,0 days 00:00:08.770296,0.48803588595318825,557,COMPLETE
34,34,0.03145447025628395,2023-12-18 19:21:24.695753,2023-12-18 19:21:34.166683,0 days 00:00:09.470930,0.41292458033170804,519,COMPLETE
35,35,0.03138223427407386,2023-12-18 19:21:34.167727,2023-12-18 19:21:43.375611,0 days 00:00:09.207884,0.5053210916521134,557,COMPLETE
36,36,0.031356616181745976,2023-12-18 19:21:43.376578,2023-12-18 19:21:52.113931,0 days 00:00:08.737353,0.5254393135194522,502,COMPLETE
37,37,0.03146347751270055,2023-12-18 19:21:52.114865,2023-12-18 19:22:00.862403,0 days 00:00:08.747538,0.4529042218067487,578,COMPLETE
38,38,0.03142417060487035,2023-12-18 19:22:00.863333,2023-12-18 19:22:10.427027,0 days 00:00:09.563694,0.39321894708882715,604,COMPLETE
39,39,0.03140053743033041,2023-12-18 19:22:10.428604,2023-12-18 19:22:19.507293,0 days 00:00:09.078689,0.4746661683248916,478,COMPLETE
40,40,0.03151312022749868,2023-12-18 19:22:19.508299,2023-12-18 19:22:28.471325,0 days 00:00:08.963026,0.4250788885507767,569,COMPLETE
41,41,0.03147862536139759,2023-12-18 19:22:28.472583,2023-12-18 19:22:38.855375,0 days 00:00:10.382792,0.4296409454180981,570,COMPLETE
42,42,0.031510731999721826,2023-12-18 19:22:38.856305,2023-12-18 19:22:47.916520,0 days 00:00:09.060215,0.42778769884400625,544,COMPLETE
43,43,0.03150122258282902,2023-12-18 19:22:47.917612,2023-12-18 19:22:56.823593,0 days 00:00:08.905981,0.42231860754802664,572,COMPLETE
44,44,0.03150244042083442,2023-12-18 19:22:56.824521,2023-12-18 19:23:05.917888,0 days 00:00:09.093367,0.4214445225830973,567,COMPLETE
45,45,0.03149892134348116,2023-12-18 19:23:05.918784,2023-12-18 19:23:15.553922,0 days 00:00:09.635138,0.4209303206134132,570,COMPLETE
46,46,0.03143793454674309,2023-12-18 19:23:15.554839,2023-12-18 19:23:25.095102,0 days 00:00:09.540263,0.39305354126403524,644,COMPLETE
47,47,0.03141998329822191,2023-12-18 19:23:25.096274,2023-12-18 19:23:34.556720,0 days 00:00:09.460446,0.38160861062791873,605,COMPLETE
48,48,0.03149956584865934,2023-12-18 19:23:34.557696,2023-12-18 19:23:44.885810,0 days 00:00:10.328114,0.42090768819576885,574,COMPLETE
49,49,0.031463315397901134,2023-12-18 19:23:44.886772,2023-12-18 19:23:54.659775,0 days 00:00:09.773003,0.41232726594332,663,COMPLETE
50,50,0.0314099559047748,2023-12-18 19:23:54.660865,2023-12-18 19:24:04.551734,0 days 00:00:09.890869,0.37536706615798976,513,COMPLETE
51,51,0.03149348061265183,2023-12-18 19:24:04.552815,2023-12-18 19:24:14.646789,0 days 00:00:10.093974,0.4200164226505282,568,COMPLETE
52,52,0.031468807530983904,2023-12-18 19:24:14.647719,2023-12-18 19:24:23.519663,0 days 00:00:08.871944,0.42983619146032886,581,COMPLETE
53,53,0.03148640291775031,2023-12-18 19:24:23.520609,2023-12-18 19:24:32.966923,0 days 00:00:09.446314,0.41778365877453155,611,COMPLETE
54,54,0.03145108561559361,2023-12-18 19:24:32.967833,2023-12-18 19:24:42.163033,0 days 00:00:09.195200,0.40496652659218635,560,COMPLETE
55,55,0.03143298411433151,2023-12-18 19:24:42.164014,2023-12-18 19:24:51.262129,0 days 00:00:09.098115,0.37916916953936886,545,COMPLETE
56,56,0.03147519722649279,2023-12-18 19:24:51.263076,2023-12-18 19:24:59.645787,0 days 00:00:08.382711,0.4413776763866356,592,COMPLETE
57,57,0.03150385991383423,2023-12-18 19:24:59.646716,2023-12-18 19:25:08.041761,0 days 00:00:08.395045,0.4237926109799508,571,COMPLETE
58,58,0.03139013440503104,2023-12-18 19:25:08.042722,2023-12-18 19:25:16.144421,0 days 00:00:08.101699,0.3509639083619248,545,COMPLETE
59,59,0.03144917582417605,2023-12-18 19:25:16.145337,2023-12-18 19:25:24.605268,0 days 00:00:08.459931,0.4000458523272918,579,COMPLETE
60,60,0.03148939611051033,2023-12-18 19:25:24.606170,2023-12-18 19:25:32.775395,0 days 00:00:08.169225,0.44339460286432003,616,COMPLETE
61,61,0.031501708927227284,2023-12-18 19:25:32.776261,2023-12-18 19:25:41.301629,0 days 00:00:08.525368,0.4213464407327076,568,COMPLETE
62,62,0.031504192051472035,2023-12-18 19:25:41.302497,2023-12-18 19:25:49.338838,0 days 00:00:08.036341,0.42757314162795007,533,COMPLETE
63,63,0.031451184466081056,2023-12-18 19:25:49.339806,2023-12-18 19:25:57.251307,0 days 00:00:07.911501,0.4291145060280538,510,COMPLETE
64,64,0.03140369273788987,2023-12-18 19:25:57.252205,2023-12-18 19:26:05.458239,0 days 00:00:08.206034,0.3889273643939147,532,COMPLETE
65,65,0.0314136370969275,2023-12-18 19:26:05.459150,2023-12-18 19:26:13.662535,0 days 00:00:08.203385,0.3675387580910794,546,COMPLETE
66,66,0.031471776999626964,2023-12-18 19:26:13.663427,2023-12-18 19:26:22.333102,0 days 00:00:08.669675,0.40862557812416783,560,COMPLETE
67,67,0.03143942916611334,2023-12-18 19:26:22.334047,2023-12-18 19:26:30.983003,0 days 00:00:08.648956,0.40032540011049855,594,COMPLETE
68,68,0.031441192658809465,2023-12-18 19:26:30.983879,2023-12-18 19:26:40.544615,0 days 00:00:09.560736,0.44837795847430545,487,COMPLETE
69,69,0.03144658594140482,2023-12-18 19:26:40.545528,2023-12-18 19:26:49.996473,0 days 00:00:09.450945,0.4689025049303056,534,COMPLETE
70,70,0.03145006547856311,2023-12-18 19:26:49.997500,2023-12-18 19:26:58.897579,0 days 00:00:08.900079,0.4366458302451059,633,COMPLETE
71,71,0.031499731917478256,2023-12-18 19:26:58.898520,2023-12-18 19:27:07.922374,0 days 00:00:09.023854,0.42153935015811633,572,COMPLETE
72,72,0.031462200364402663,2023-12-18 19:27:07.923311,2023-12-18 19:27:16.633809,0 days 00:00:08.710498,0.4558914027424902,552,COMPLETE
73,73,0.0315047060740068,2023-12-18 19:27:16.634740,2023-12-18 19:27:25.884497,0 days 00:00:09.249757,0.4251117506389946,563,COMPLETE
74,74,0.03145859429862042,2023-12-18 19:27:25.885739,2023-12-18 19:27:35.522538,0 days 00:00:09.636799,0.4327503066634385,524,COMPLETE
75,75,0.03145781140275982,2023-12-18 19:27:35.523495,2023-12-18 19:27:43.823022,0 days 00:00:08.299527,0.4524783400946659,561,COMPLETE
76,76,0.03145805655196869,2023-12-18 19:27:43.823897,2023-12-18 19:27:52.646065,0 days 00:00:08.822168,0.406670355338212,538,COMPLETE
77,77,0.03149064162665222,2023-12-18 19:27:52.646969,2023-12-18 19:28:02.242763,0 days 00:00:09.595794,0.44451066126807315,584,COMPLETE
78,78,0.031399643821923895,2023-12-18 19:28:02.243657,2023-12-18 19:28:12.353198,0 days 00:00:10.109541,0.38763747716229946,597,COMPLETE
79,79,0.03142902614081394,2023-12-18 19:28:12.354156,2023-12-18 19:28:21.135116,0 days 00:00:08.780960,0.4701382739737286,564,COMPLETE
80,80,0.03142372380066702,2023-12-18 19:28:21.136041,2023-12-18 19:28:29.493499,0 days 00:00:08.357458,0.3992476044399076,551,COMPLETE
81,81,0.03148705137694799,2023-12-18 19:28:29.494431,2023-12-18 19:28:38.086148,0 days 00:00:08.591717,0.4176023255676214,585,COMPLETE
82,82,0.03148569119424061,2023-12-18 19:28:38.087107,2023-12-18 19:28:46.706540,0 days 00:00:08.619433,0.4291721518888004,573,COMPLETE
83,83,0.03149696014981012,2023-12-18 19:28:46.707766,2023-12-18 19:28:55.429365,0 days 00:00:08.721599,0.4203615119657873,568,COMPLETE
84,84,0.03150244437485391,2023-12-18 19:28:55.430271,2023-12-18 19:29:03.596214,0 days 00:00:08.165943,0.4252375929505154,552,COMPLETE
85,85,0.031443011507778576,2023-12-18 19:29:03.597103,2023-12-18 19:29:12.205366,0 days 00:00:08.608263,0.43814543742905937,510,COMPLETE
86,86,0.03146989884036538,2023-12-18 19:29:12.206261,2023-12-18 19:29:21.116449,0 days 00:00:08.910188,0.4087428350106803,538,COMPLETE
87,87,0.0314800448543974,2023-12-18 19:29:21.117361,2023-12-18 19:29:29.981462,0 days 00:00:08.864101,0.4609376573880723,527,COMPLETE
88,88,0.031470582885738556,2023-12-18 19:29:29.982380,2023-12-18 19:29:38.874728,0 days 00:00:08.892348,0.4460109191635046,552,COMPLETE
89,89,0.031481116393681376,2023-12-18 19:29:38.875667,2023-12-18 19:29:47.601364,0 days 00:00:08.725697,0.4287495398122831,584,COMPLETE
90,90,0.031419659068623054,2023-12-18 19:29:47.602341,2023-12-18 19:29:56.587205,0 days 00:00:08.984864,0.3952084078398567,416,COMPLETE
91,91,0.03150331821316299,2023-12-18 19:29:56.588058,2023-12-18 19:30:06.713892,0 days 00:00:10.125834,0.4221474860306701,574,COMPLETE
92,92,0.03147859768326113,2023-12-18 19:30:06.714940,2023-12-18 19:30:17.998391,0 days 00:00:11.283451,0.41396735718732974,552,COMPLETE
93,93,0.03146362381142197,2023-12-18 19:30:17.999305,2023-12-18 19:30:28.355722,0 days 00:00:10.356417,0.4357560302578856,608,COMPLETE
94,94,0.031514215490899625,2023-12-18 19:30:28.356574,2023-12-18 19:30:41.614931,0 days 00:00:13.258357,0.4261522188649891,565,COMPLETE
95,95,0.03145884735586831,2023-12-18 19:30:41.615855,2023-12-18 19:30:50.850818,0 days 00:00:09.234963,0.4068653404098043,563,COMPLETE
96,96,0.031471812585802436,2023-12-18 19:30:50.851891,2023-12-18 19:31:01.181341,0 days 00:00:10.329450,0.4577032018225478,541,COMPLETE
97,97,0.031482223519140824,2023-12-18 19:31:01.182282,2023-12-18 19:31:10.151436,0 days 00:00:08.969154,0.42852119660020543,523,COMPLETE
98,98,0.03149813053958155,2023-12-18 19:31:10.152364,2023-12-18 19:31:18.883950,0 days 00:00:08.731586,0.44470093006355166,577,COMPLETE
99,99,0.03147243336686366,2023-12-18 19:31:18.884882,2023-12-18 19:31:28.636369,0 days 00:00:09.751487,0.4103564678443931,591,COMPLETE
100,100,0.03141441208474916,2023-12-18 19:31:28.637334,2023-12-18 19:31:38.536263,0 days 00:00:09.898929,0.4233399932508515,358,COMPLETE
101,101,0.031460156136322165,2023-12-18 19:31:38.537510,2023-12-18 19:31:47.833670,0 days 00:00:09.296160,0.4351651427178214,599,COMPLETE
102,102,0.0315059397280902,2023-12-18 19:31:47.834578,2023-12-18 19:31:56.774249,0 days 00:00:08.939671,0.4224301804971476,566,COMPLETE
103,103,0.03144161573889575,2023-12-18 19:31:56.775283,2023-12-18 19:32:05.764584,0 days 00:00:08.989301,0.40071370772595005,565,COMPLETE
104,104,0.03148227492139432,2023-12-18 19:32:05.765526,2023-12-18 19:32:14.328006,0 days 00:00:08.562480,0.4141771033152214,547,COMPLETE
105,105,0.03138456319155825,2023-12-18 19:32:14.328924,2023-12-18 19:32:23.057091,0 days 00:00:08.728167,0.388250383452105,559,COMPLETE
106,106,0.031463074202711744,2023-12-18 19:32:23.060936,2023-12-18 19:32:32.117413,0 days 00:00:09.056477,0.4526517135981799,578,COMPLETE
107,107,0.03147036936868564,2023-12-18 19:32:32.118342,2023-12-18 19:32:40.317456,0 days 00:00:08.199114,0.43956459087045985,555,COMPLETE
108,108,0.03147755777613313,2023-12-18 19:32:40.318378,2023-12-18 19:32:49.082492,0 days 00:00:08.764114,0.41416271422951034,534,COMPLETE
109,109,0.031499269297196965,2023-12-18 19:32:49.083434,2023-12-18 19:32:57.663481,0 days 00:00:08.580047,0.427853874233846,585,COMPLETE
110,110,0.03147032587447118,2023-12-18 19:32:57.664406,2023-12-18 19:33:06.002549,0 days 00:00:08.338143,0.4488152482943975,624,COMPLETE
111,111,0.0315169595804313,2023-12-18 19:33:06.003686,2023-12-18 19:33:14.136052,0 days 00:00:08.132366,0.4254481343755338,570,COMPLETE
112,112,0.03151074386178035,2023-12-18 19:33:14.136998,2023-12-18 19:33:23.103775,0 days 00:00:08.966777,0.42499924900753194,567,COMPLETE
113,113,0.03144140617586236,2023-12-18 19:33:23.104724,2023-12-18 19:33:32.600577,0 days 00:00:09.495853,0.4035826125031434,547,COMPLETE
114,114,0.031466482567519063,2023-12-18 19:33:32.601492,2023-12-18 19:33:41.392705,0 days 00:00:08.791213,0.43772872608996993,572,COMPLETE
115,115,0.03149725274725294,2023-12-18 19:33:41.393735,2023-12-18 19:33:49.747157,0 days 00:00:08.353422,0.4282595513300277,557,COMPLETE
116,116,0.03149985449208268,2023-12-18 19:33:49.748135,2023-12-18 19:33:58.544422,0 days 00:00:08.796287,0.4227379010198914,539,COMPLETE
117,117,0.03142073851594602,2023-12-18 19:33:58.545431,2023-12-18 19:34:07.431217,0 days 00:00:08.885786,0.392749644376584,515,COMPLETE
118,118,0.03146126721580113,2023-12-18 19:34:07.432171,2023-12-18 19:34:15.944500,0 days 00:00:08.512329,0.4630444109869422,578,COMPLETE
119,119,0.03148618149265841,2023-12-18 19:34:15.945450,2023-12-18 19:34:24.690328,0 days 00:00:08.744878,0.41587104707881983,566,COMPLETE
120,120,0.031456063726141674,2023-12-18 19:34:24.691300,2023-12-18 19:34:33.265464,0 days 00:00:08.574164,0.43537789381817243,589,COMPLETE
121,121,0.03149058627037924,2023-12-18 19:34:33.266377,2023-12-18 19:34:42.063242,0 days 00:00:08.796865,0.42339040590779914,563,COMPLETE
122,122,0.0314692227030312,2023-12-18 19:34:42.064192,2023-12-18 19:34:51.290256,0 days 00:00:09.226064,0.40825377041957095,530,COMPLETE
123,123,0.03147563216863758,2023-12-18 19:34:51.291186,2023-12-18 19:35:00.715884,0 days 00:00:09.424698,0.44815086781157665,567,COMPLETE
124,124,0.03148473432152212,2023-12-18 19:35:00.716834,2023-12-18 19:35:10.754580,0 days 00:00:10.037746,0.4179159274478329,551,COMPLETE
125,125,0.03142455019074212,2023-12-18 19:35:10.755575,2023-12-18 19:35:19.634399,0 days 00:00:08.878824,0.3989364616717639,574,COMPLETE
126,126,0.03147993018783196,2023-12-18 19:35:19.635327,2023-12-18 19:35:27.982324,0 days 00:00:08.346997,0.44147676843542205,598,COMPLETE
127,127,0.03148365092017961,2023-12-18 19:35:27.983222,2023-12-18 19:35:36.644131,0 days 00:00:08.660909,0.4324969308136579,544,COMPLETE
128,128,0.0314056934717559,2023-12-18 19:35:36.645056,2023-12-18 19:35:45.302987,0 days 00:00:08.657931,0.3832649314571162,556,COMPLETE
129,129,0.031513325836512576,2023-12-18 19:35:45.303916,2023-12-18 19:35:53.899835,0 days 00:00:08.595919,0.42642698613853447,584,COMPLETE
130,130,0.03147706747771537,2023-12-18 19:35:53.900762,2023-12-18 19:36:02.037589,0 days 00:00:08.136827,0.4086534974257513,586,COMPLETE
131,131,0.03150225458191802,2023-12-18 19:36:02.038524,2023-12-18 19:36:10.489056,0 days 00:00:08.450532,0.4242222828613171,581,COMPLETE
132,132,0.03148729257213734,2023-12-18 19:36:10.490026,2023-12-18 19:36:18.875230,0 days 00:00:08.385204,0.4286825554490251,581,COMPLETE
133,133,0.03145077324805328,2023-12-18 19:36:18.876191,2023-12-18 19:36:27.768919,0 days 00:00:08.892728,0.41577686970630773,371,COMPLETE
134,134,0.03147691722497445,2023-12-18 19:36:27.769879,2023-12-18 19:36:36.493920,0 days 00:00:08.724041,0.4418642873104905,593,COMPLETE
135,135,0.03150188685810469,2023-12-18 19:36:36.494892,2023-12-18 19:36:45.014761,0 days 00:00:08.519869,0.4232751439160725,574,COMPLETE
136,136,0.03146374638602639,2023-12-18 19:36:45.015736,2023-12-18 19:36:53.436993,0 days 00:00:08.421257,0.45675915223571956,560,COMPLETE
137,137,0.03145092350079422,2023-12-18 19:36:53.437947,2023-12-18 19:37:01.769432,0 days 00:00:08.331485,0.40311851993210523,605,COMPLETE
138,138,0.03142834604946029,2023-12-18 19:37:01.770371,2023-12-18 19:37:10.822715,0 days 00:00:09.052344,0.3939210120105757,613,COMPLETE
139,139,0.03146347355868103,2023-12-18 19:37:10.823681,2023-12-18 19:37:20.321154,0 days 00:00:09.497473,0.43350466583869246,580,COMPLETE
140,140,0.03148034535987927,2023-12-18 19:37:20.322112,2023-12-18 19:37:29.447468,0 days 00:00:09.125356,0.4129494513534332,569,COMPLETE
141,141,0.031498692010350264,2023-12-18 19:37:29.448482,2023-12-18 19:37:38.440216,0 days 00:00:08.991734,0.42195019242541526,575,COMPLETE
142,142,0.03150686892267223,2023-12-18 19:37:38.441182,2023-12-18 19:37:47.246784,0 days 00:00:08.805602,0.4268821428462636,551,COMPLETE
143,143,0.03148570305629912,2023-12-18 19:37:47.247851,2023-12-18 19:37:56.340364,0 days 00:00:09.092513,0.4439433873487695,551,COMPLETE
144,144,0.031489400064529785,2023-12-18 19:37:56.341346,2023-12-18 19:38:05.015557,0 days 00:00:08.674211,0.42892594748334584,540,COMPLETE
145,145,0.031466363946934105,2023-12-18 19:38:05.017046,2023-12-18 19:38:14.018261,0 days 00:00:09.001215,0.43563469595208537,560,COMPLETE
146,146,0.03145196736194169,2023-12-18 19:38:14.019240,2023-12-18 19:38:22.976434,0 days 00:00:08.957194,0.4056703958542448,565,COMPLETE
147,147,0.03146703613024881,2023-12-18 19:38:22.977449,2023-12-18 19:38:32.181285,0 days 00:00:09.203836,0.4502108537666052,588,COMPLETE
148,148,0.03147868467169009,2023-12-18 19:38:32.182279,2023-12-18 19:38:42.410389,0 days 00:00:10.228110,0.41698653618408216,551,COMPLETE
149,149,0.03150210037515758,2023-12-18 19:38:42.411476,2023-12-18 19:38:51.909974,0 days 00:00:09.498498,0.4246406091251526,545,COMPLETE
150,150,0.03145423301511406,2023-12-18 19:38:51.910907,2023-12-18 19:39:02.230107,0 days 00:00:10.319200,0.43740741068953515,532,COMPLETE
151,151,0.031511981469883224,2023-12-18 19:39:02.235012,2023-12-18 19:39:12.681443,0 days 00:00:10.446431,0.4260952400603976,546,COMPLETE
152,152,0.03150337752345543,2023-12-18 19:39:12.682465,2023-12-18 19:39:21.384493,0 days 00:00:08.702028,0.42798043735516794,557,COMPLETE
153,153,0.031487517951248746,2023-12-18 19:39:21.385540,2023-12-18 19:39:30.106218,0 days 00:00:08.720678,0.41548788318097984,555,COMPLETE
154,154,0.031466613050162476,2023-12-18 19:39:30.107318,2023-12-18 19:39:38.882766,0 days 00:00:08.775448,0.43203821352945626,538,COMPLETE
155,155,0.031477375891236226,2023-12-18 19:39:38.883960,2023-12-18 19:39:47.562136,0 days 00:00:08.678176,0.4455490385396937,567,COMPLETE
156,156,0.03150531499300949,2023-12-18 19:39:47.563099,2023-12-18 19:39:56.212185,0 days 00:00:08.649086,0.42689871726552764,559,COMPLETE
157,157,0.03146428413267813,2023-12-18 19:39:56.213222,2023-12-18 19:40:04.919068,0 days 00:00:08.705846,0.40851894745898093,547,COMPLETE
158,158,0.031443086634149034,2023-12-18 19:40:04.920209,2023-12-18 19:40:13.592685,0 days 00:00:08.672476,0.43713281024462713,524,COMPLETE
159,159,0.03146849120942407,2023-12-18 19:40:13.593641,2023-12-18 19:40:22.358413,0 days 00:00:08.764772,0.4507779236382932,564,COMPLETE
160,160,0.03149439003713634,2023-12-18 19:40:22.359410,2023-12-18 19:40:30.951239,0 days 00:00:08.591829,0.4283378870132377,557,COMPLETE
161,161,0.03149414093390802,2023-12-18 19:40:30.952307,2023-12-18 19:40:39.720749,0 days 00:00:08.768442,0.4181394425525771,570,COMPLETE
162,162,0.0315061255670066,2023-12-18 19:40:39.721787,2023-12-18 19:40:48.462608,0 days 00:00:08.740821,0.4253204799488589,559,COMPLETE
163,163,0.03150409320098458,2023-12-18 19:40:48.463598,2023-12-18 19:40:57.167818,0 days 00:00:08.704220,0.4275246897611695,557,COMPLETE
164,164,0.03147417708946226,2023-12-18 19:40:57.168864,2023-12-18 19:41:06.803541,0 days 00:00:09.634677,0.4317303951143376,558,COMPLETE
165,165,0.03149074838517864,2023-12-18 19:41:06.804631,2023-12-18 19:41:16.155725,0 days 00:00:09.351094,0.44101646571331893,542,COMPLETE
166,166,0.03147593662813893,2023-12-18 19:41:16.156692,2023-12-18 19:41:24.476464,0 days 00:00:08.319772,0.41230196505993566,573,COMPLETE
167,167,0.031438895373481095,2023-12-18 19:41:24.477516,2023-12-18 19:41:34.627714,0 days 00:00:10.150198,0.40257820758179974,548,COMPLETE
168,168,0.03148845900788928,2023-12-18 19:41:34.628768,2023-12-18 19:41:46.314903,0 days 00:00:11.686135,0.4226131589896867,534,COMPLETE
169,169,0.03146351309887601,2023-12-18 19:41:46.316014,2023-12-18 19:42:00.733462,0 days 00:00:14.417448,0.45913091754651714,561,COMPLETE
170,170,0.03146726941739917,2023-12-18 19:42:00.734867,2023-12-18 19:42:15.034472,0 days 00:00:14.299605,0.4335971289682054,577,COMPLETE
171,171,0.03149769164341724,2023-12-18 19:42:15.035624,2023-12-18 19:42:27.587463,0 days 00:00:12.551839,0.4242666371827688,553,COMPLETE
172,172,0.03148835224936284,2023-12-18 19:42:27.588755,2023-12-18 19:42:40.456314,0 days 00:00:12.867559,0.41478537970158913,562,COMPLETE
173,173,0.03149029367293635,2023-12-18 19:42:40.458380,2023-12-18 19:42:54.945649,0 days 00:00:14.487269,0.42839999587583516,549,COMPLETE
174,174,0.03148904815679448,2023-12-18 19:42:54.946677,2023-12-18 19:43:07.515719,0 days 00:00:12.569042,0.4416603559748872,555,COMPLETE
175,175,0.031473805411629474,2023-12-18 19:43:07.516729,2023-12-18 19:43:19.966254,0 days 00:00:12.449525,0.4090719908215308,567,COMPLETE
176,176,0.0315020647889821,2023-12-18 19:43:19.967338,2023-12-18 19:43:33.001768,0 days 00:00:13.034430,0.42084362087089605,541,COMPLETE
177,177,0.031442094175255016,2023-12-18 19:43:33.003555,2023-12-18 19:43:46.482649,0 days 00:00:13.479094,0.3997980806982428,582,COMPLETE
178,178,0.03147320440066576,2023-12-18 19:43:46.483665,2023-12-18 19:43:59.012513,0 days 00:00:12.528848,0.4343277058083241,572,COMPLETE
179,179,0.03147737984525572,2023-12-18 19:43:59.013637,2023-12-18 19:44:11.784590,0 days 00:00:12.770953,0.4480699068103745,559,COMPLETE
180,180,0.03149364668147074,2023-12-18 19:44:11.785934,2023-12-18 19:44:25.039620,0 days 00:00:13.253686,0.4237330255962184,529,COMPLETE
181,181,0.03148297478284548,2023-12-18 19:44:25.041265,2023-12-18 19:44:37.684821,0 days 00:00:12.643556,0.4167950459589008,566,COMPLETE
182,182,0.0314975137125398,2023-12-18 19:44:37.685828,2023-12-18 19:44:50.208156,0 days 00:00:12.522328,0.42736185042809305,554,COMPLETE
183,183,0.03147844743052019,2023-12-18 19:44:50.209177,2023-12-18 19:45:03.053149,0 days 00:00:12.843972,0.43907672463857805,573,COMPLETE
184,184,0.031481962553853965,2023-12-18 19:45:03.055390,2023-12-18 19:45:16.326270,0 days 00:00:13.270880,0.4106693096804961,545,COMPLETE
185,185,0.031473821227707435,2023-12-18 19:45:16.327830,2023-12-18 19:45:28.865617,0 days 00:00:12.537787,0.4295944805644415,563,COMPLETE
186,186,0.031493539922944305,2023-12-18 19:45:28.866610,2023-12-18 19:45:41.510653,0 days 00:00:12.644043,0.4190892339414291,587,COMPLETE
187,187,0.03148602728589797,2023-12-18 19:45:41.511797,2023-12-18 19:45:54.484082,0 days 00:00:12.972285,0.4416046197089875,576,COMPLETE
188,188,0.03145781931079881,2023-12-18 19:45:54.485388,2023-12-18 19:46:08.232890,0 days 00:00:13.747502,0.4065539040762475,537,COMPLETE
189,189,0.031416499807044085,2023-12-18 19:46:08.234574,2023-12-18 19:46:23.477157,0 days 00:00:15.242583,0.39497575449047223,555,COMPLETE
190,190,0.031470503805348576,2023-12-18 19:46:23.478468,2023-12-18 19:46:36.809411,0 days 00:00:13.330943,0.4334512606388541,569,COMPLETE
191,191,0.031493010084331564,2023-12-18 19:46:36.810728,2023-12-18 19:46:49.467208,0 days 00:00:12.656480,0.42024414170509095,582,COMPLETE
192,192,0.03148962148962172,2023-12-18 19:46:49.468368,2023-12-18 19:47:02.040761,0 days 00:00:12.572393,0.4235330334566169,591,COMPLETE
193,193,0.03149862479201881,2023-12-18 19:47:02.041980,2023-12-18 19:47:15.552166,0 days 00:00:13.510186,0.4245209007566227,581,COMPLETE
194,194,0.031473508860167095,2023-12-18 19:47:15.553463,2023-12-18 19:47:28.722339,0 days 00:00:13.168876,0.4309459868437907,563,COMPLETE
195,195,0.03147798481023893,2023-12-18 19:47:28.723415,2023-12-18 19:47:41.277526,0 days 00:00:12.554111,0.41376482843960805,551,COMPLETE
196,196,0.031475300030999735,2023-12-18 19:47:41.278970,2023-12-18 19:47:53.838043,0 days 00:00:12.559073,0.43887627598440465,572,COMPLETE
197,197,0.03151154652773843,2023-12-18 19:47:53.839197,2023-12-18 19:48:07.008700,0 days 00:00:13.169503,0.4265331358210819,559,COMPLETE
198,198,0.031478115292882365,2023-12-18 19:48:07.010696,2023-12-18 19:48:16.735712,0 days 00:00:09.725016,0.4459083836245518,547,COMPLETE
199,199,0.031488324571226356,2023-12-18 19:48:16.736732,2023-12-18 19:48:25.024352,0 days 00:00:08.287620,0.41468970630812935,557,COMPLETE
200,200,0.031473698653103004,2023-12-18 19:48:25.025335,2023-12-18 19:48:33.267025,0 days 00:00:08.241690,0.43123074446700443,564,COMPLETE
201,201,0.03150162193879833,2023-12-18 19:48:33.268014,2023-12-18 19:48:41.492307,0 days 00:00:08.224293,0.4241479302714391,577,COMPLETE
202,202,0.031478961453054975,2023-12-18 19:48:41.493246,2023-12-18 19:48:49.793107,0 days 00:00:08.299861,0.41983903549423196,684,COMPLETE
203,203,0.03146569176361945,2023-12-18 19:48:49.794045,2023-12-18 19:48:57.978124,0 days 00:00:08.184079,0.43535825080817697,569,COMPLETE
204,204,0.03146267089272293,2023-12-18 19:48:57.979067,2023-12-18 19:49:06.304652,0 days 00:00:08.325585,0.4071391616196243,559,COMPLETE
205,205,0.031517319396205605,2023-12-18 19:49:06.305589,2023-12-18 19:49:14.446345,0 days 00:00:08.140756,0.42606223669612103,542,COMPLETE
206,206,0.0314688391631399,2023-12-18 19:49:14.447283,2023-12-18 19:49:22.663318,0 days 00:00:08.216035,0.45202267975334226,539,COMPLETE
207,207,0.031474983709439866,2023-12-18 19:49:22.664265,2023-12-18 19:49:30.820247,0 days 00:00:08.155982,0.4307398178572822,546,COMPLETE
208,208,0.031486082642170954,2023-12-18 19:49:30.821202,2023-12-18 19:49:40.822821,0 days 00:00:10.001619,0.41473115592069915,552,COMPLETE
209,209,0.03149095399419255,2023-12-18 19:49:40.823822,2023-12-18 19:49:50.144867,0 days 00:00:09.321045,0.42654418538560923,520,COMPLETE
210,210,0.031432023287593466,2023-12-18 19:49:50.145997,2023-12-18 19:50:00.329963,0 days 00:00:10.183966,0.40202712749412056,530,COMPLETE
211,211,0.03149072861508117,2023-12-18 19:50:00.331458,2023-12-18 19:50:09.698464,0 days 00:00:09.367006,0.42342799956909244,562,COMPLETE
212,212,0.03146779530199241,2023-12-18 19:50:09.699352,2023-12-18 19:50:18.455972,0 days 00:00:08.756620,0.43588073758643614,570,COMPLETE
213,213,0.031486304067262855,2023-12-18 19:50:18.456988,2023-12-18 19:50:27.140961,0 days 00:00:08.683973,0.41798879389726395,579,COMPLETE
214,214,0.03151640601770155,2023-12-18 19:50:27.141937,2023-12-18 19:50:36.029814,0 days 00:00:08.887877,0.425991189652873,543,COMPLETE
215,215,0.03148763261781417,2023-12-18 19:50:36.030779,2023-12-18 19:50:45.604682,0 days 00:00:09.573903,0.4404782473725829,542,COMPLETE
216,216,0.03147399915858484,2023-12-18 19:50:45.605729,2023-12-18 19:50:55.045111,0 days 00:00:09.439382,0.42927844245650315,551,COMPLETE
217,217,0.0314684674853071,2023-12-18 19:50:55.046114,2023-12-18 19:51:04.502828,0 days 00:00:09.456714,0.41209380264246975,535,COMPLETE
218,218,0.03151254294065194,2023-12-18 19:51:04.504024,2023-12-18 19:51:13.223852,0 days 00:00:08.719828,0.4264834325038023,557,COMPLETE
219,219,0.03137207639798344,2023-12-18 19:51:13.224920,2023-12-18 19:51:21.951289,0 days 00:00:08.726369,0.27183727238910044,542,COMPLETE
220,220,0.03149470635869621,2023-12-18 19:51:21.952456,2023-12-18 19:51:30.705685,0 days 00:00:08.753229,0.44236451050867126,557,COMPLETE
221,221,0.03150499076341066,2023-12-18 19:51:30.706761,2023-12-18 19:51:39.544894,0 days 00:00:08.838133,0.4257284266841905,549,COMPLETE
222,222,0.03150094975548364,2023-12-18 19:51:39.545926,2023-12-18 19:51:48.295146,0 days 00:00:08.749220,0.42498921650092564,548,COMPLETE
223,223,0.031479155200010316,2023-12-18 19:51:48.296122,2023-12-18 19:51:57.034862,0 days 00:00:08.738740,0.43302485577171973,556,COMPLETE
224,224,0.03130345043557506,2023-12-18 19:51:57.035911,2023-12-18 19:52:05.789420,0 days 00:00:08.753509,0.552536575214119,550,COMPLETE
225,225,0.03149418838214196,2023-12-18 19:52:05.790398,2023-12-18 19:52:14.530771,0 days 00:00:08.740373,0.4207647779070583,563,COMPLETE
226,226,0.031467613417095495,2023-12-18 19:52:14.531770,2023-12-18 19:52:23.486624,0 days 00:00:08.954854,0.4332661744378628,536,COMPLETE
227,227,0.03148693275636303,2023-12-18 19:52:23.487702,2023-12-18 19:52:32.248161,0 days 00:00:08.760459,0.4123999566421126,544,COMPLETE
228,228,0.03150930459868304,2023-12-18 19:52:32.249145,2023-12-18 19:52:41.000229,0 days 00:00:08.751084,0.4259631802723673,558,COMPLETE
229,229,0.03148895721434604,2023-12-18 19:52:41.001447,2023-12-18 19:52:49.751147,0 days 00:00:08.749700,0.44495675919459543,560,COMPLETE
230,230,0.0315126378371199,2023-12-18 19:52:49.752290,2023-12-18 19:52:58.607614,0 days 00:00:08.855324,0.42786637999891713,569,COMPLETE
231,231,0.03151149907950446,2023-12-18 19:52:58.608655,2023-12-18 19:53:07.392141,0 days 00:00:08.783486,0.4279240474935768,567,COMPLETE
232,232,0.03146836468080014,2023-12-18 19:53:07.393146,2023-12-18 19:53:16.181995,0 days 00:00:08.788849,0.4345639214860359,567,COMPLETE
233,233,0.031507972094112185,2023-12-18 19:53:16.182976,2023-12-18 19:53:24.911306,0 days 00:00:08.728330,0.42690589634387854,557,COMPLETE
234,234,0.03149512548476302,2023-12-18 19:53:24.912327,2023-12-18 19:53:33.637933,0 days 00:00:08.725606,0.4194338488815161,566,COMPLETE
235,235,0.03150440556852492,2023-12-18 19:53:33.638948,2023-12-18 19:53:42.459876,0 days 00:00:08.820928,0.4276014994995484,554,COMPLETE
236,236,0.03147257571156555,2023-12-18 19:53:42.460854,2023-12-18 19:53:51.188845,0 days 00:00:08.727991,0.4389862327720576,552,COMPLETE
237,237,0.031487624709775154,2023-12-18 19:53:51.189871,2023-12-18 19:53:59.996219,0 days 00:00:08.806348,0.42915248982098647,544,COMPLETE
238,238,0.03140145080883451,2023-12-18 19:53:59.997182,2023-12-18 19:54:08.708077,0 days 00:00:08.710895,0.3373653375248081,560,COMPLETE
239,239,0.0314876128477167,2023-12-18 19:54:08.709095,2023-12-18 19:54:17.754913,0 days 00:00:09.045818,0.4189601078429125,554,COMPLETE
240,240,0.03150034083648093,2023-12-18 19:54:17.756246,2023-12-18 19:54:27.150873,0 days 00:00:09.394627,0.42785042019866976,530,COMPLETE
241,241,0.031521190381294216,2023-12-18 19:54:27.151917,2023-12-18 19:54:35.949015,0 days 00:00:08.797098,0.42640551543098487,567,COMPLETE
242,242,0.031467676681407465,2023-12-18 19:54:35.950084,2023-12-18 19:54:44.766372,0 days 00:00:08.816288,0.43640850494006805,563,COMPLETE
243,243,0.03149892134348113,2023-12-18 19:54:44.767756,2023-12-18 19:54:53.907938,0 days 00:00:09.140182,0.4285090683297293,568,COMPLETE
244,244,0.03148268218540262,2023-12-18 19:54:53.909168,2023-12-18 19:55:03.597788,0 days 00:00:09.688620,0.4135106759402184,557,COMPLETE
245,245,0.031478538372968635,2023-12-18 19:55:03.598878,2023-12-18 19:55:13.942638,0 days 00:00:10.343760,0.42192353480966643,451,COMPLETE
246,246,0.03115526169282676,2023-12-18 19:55:13.943652,2023-12-18 19:55:23.724106,0 days 00:00:09.780454,0.2214519848024361,551,COMPLETE
247,247,0.03123371734770718,2023-12-18 19:55:23.725567,2023-12-18 19:55:33.528053,0 days 00:00:09.802486,0.5921393187501303,572,COMPLETE
248,248,0.03148093846280395,2023-12-18 19:55:33.529043,2023-12-18 19:55:44.265564,0 days 00:00:10.736521,0.4386280401163214,544,COMPLETE
249,249,0.03147673929409699,2023-12-18 19:55:44.266644,2023-12-18 19:55:53.198979,0 days 00:00:08.932335,0.42927044179558477,562,COMPLETE
