,Fold,MAP,topK,alpha,beta,normalize_similarity
0,0,0.020604934658252687,45,0.3099300486101656,0.6027745116536404,True
1,1,0.01954960139830334,45,0.3099300486101656,0.6027745116536404,True
2,2,0.020426139754147282,45,0.3099300486101656,0.6027745116536404,True
3,3,0.020275771379377246,45,0.3099300486101656,0.6027745116536404,True
4,4,0.019763959009852453,45,0.3099300486101656,0.6027745116536404,True
5,5,0.019452901184418756,45,0.3099300486101656,0.6027745116536404,True
6,6,0.01972964726277316,45,0.3099300486101656,0.6027745116536404,True
7,7,0.02048288930355939,45,0.3099300486101656,0.6027745116536404,True
8,8,0.01985151215695961,45,0.3099300486101656,0.6027745116536404,True
9,9,0.019947373714336455,45,0.3099300486101656,0.6027745116536404,True
10,0,0.025861610018116203,109,0.3751849144552712,0.36345703571086163,False
11,1,0.025791685021765706,109,0.3751849144552712,0.36345703571086163,False
12,2,0.02522824526855986,109,0.3751849144552712,0.36345703571086163,False
13,3,0.025861300713789108,109,0.3751849144552712,0.36345703571086163,False
14,4,0.02577886415890401,109,0.3751849144552712,0.36345703571086163,False
15,5,0.02507922650918771,109,0.3751849144552712,0.36345703571086163,False
16,6,0.025619731965596335,109,0.3751849144552712,0.36345703571086163,False
17,7,0.025851210062248157,109,0.3751849144552712,0.36345703571086163,False
18,8,0.025762769439812337,109,0.3751849144552712,0.36345703571086163,False
19,9,0.025836734580747846,109,0.3751849144552712,0.36345703571086163,False
20,0,0.0007764349326911784,135,0.34979385448064254,1.2065374460111895,True
21,1,0.0007748299094165991,135,0.34979385448064254,1.2065374460111895,True
22,2,0.0008139199816584058,135,0.34979385448064254,1.2065374460111895,True
23,3,0.000974920414177391,135,0.34979385448064254,1.2065374460111895,True
24,4,0.0008131147929555086,135,0.34979385448064254,1.2065374460111895,True
25,5,0.0006354947113701969,135,0.34979385448064254,1.2065374460111895,True
26,6,0.0008336161540839309,135,0.34979385448064254,1.2065374460111895,True
27,7,0.0008626570247868475,135,0.34979385448064254,1.2065374460111895,True
28,8,0.0008444624981589952,135,0.34979385448064254,1.2065374460111895,True
29,9,0.0007173939555200775,135,0.34979385448064254,1.2065374460111895,True
30,0,0.019604768884700915,234,0.3426191289760504,0.1098215289640789,False
31,1,0.01980721225125881,234,0.3426191289760504,0.1098215289640789,False
32,2,0.019569443659273527,234,0.3426191289760504,0.1098215289640789,False
33,3,0.019246027804188152,234,0.3426191289760504,0.1098215289640789,False
34,4,0.020367240275901328,234,0.3426191289760504,0.1098215289640789,False
35,5,0.019443387351947696,234,0.3426191289760504,0.1098215289640789,False
36,6,0.02001814434533772,234,0.3426191289760504,0.1098215289640789,False
37,7,0.020438656467672338,234,0.3426191289760504,0.1098215289640789,False
38,8,0.019978189054064552,234,0.3426191289760504,0.1098215289640789,False
39,9,0.019831291792976075,234,0.3426191289760504,0.1098215289640789,False
40,0,0.0007266473449263765,297,0.30724725672051034,1.2986566397387345,True
41,1,0.0007914797604442477,297,0.30724725672051034,1.2986566397387345,True
42,2,0.0007558526642420578,297,0.30724725672051034,1.2986566397387345,True
43,3,0.0008427661651064843,297,0.30724725672051034,1.2986566397387345,True
44,4,0.0007048045699115877,297,0.30724725672051034,1.2986566397387345,True
45,5,0.000629845007276913,297,0.30724725672051034,1.2986566397387345,True
46,6,0.0008077161467544911,297,0.30724725672051034,1.2986566397387345,True
47,7,0.0009138023541254161,297,0.30724725672051034,1.2986566397387345,True
48,8,0.0008421582740648878,297,0.30724725672051034,1.2986566397387345,True
49,9,0.0007251388215766575,297,0.30724725672051034,1.2986566397387345,True
50,0,0.0016546778282237008,212,0.32617170235646,0.8781813646065806,True
51,1,0.0016893914633395383,212,0.32617170235646,0.8781813646065806,True
52,2,0.0017748318163830648,212,0.32617170235646,0.8781813646065806,True
53,3,0.0019346765559639322,212,0.32617170235646,0.8781813646065806,True
54,4,0.0016764915025243544,212,0.32617170235646,0.8781813646065806,True
55,5,0.001383255021387316,212,0.32617170235646,0.8781813646065806,True
56,6,0.0016303779759913057,212,0.32617170235646,0.8781813646065806,True
57,7,0.0017705993887567357,212,0.32617170235646,0.8781813646065806,True
58,8,0.0016865811807446048,212,0.32617170235646,0.8781813646065806,True
59,9,0.0016914177697953398,212,0.32617170235646,0.8781813646065806,True
60,0,0.019894190469845047,113,0.3521464184486346,0.019667185958596272,False
61,1,0.020189325937609998,113,0.3521464184486346,0.019667185958596272,False
62,2,0.019905485047204505,113,0.3521464184486346,0.019667185958596272,False
63,3,0.019631883050230142,113,0.3521464184486346,0.019667185958596272,False
64,4,0.02087582861251358,113,0.3521464184486346,0.019667185958596272,False
65,5,0.020005404236921737,113,0.3521464184486346,0.019667185958596272,False
66,6,0.020622090132981528,113,0.3521464184486346,0.019667185958596272,False
67,7,0.020658419947232443,113,0.3521464184486346,0.019667185958596272,False
68,8,0.020266525879366355,113,0.3521464184486346,0.019667185958596272,False
69,9,0.02037169021802827,113,0.3521464184486346,0.019667185958596272,False
70,0,0.020781059142292387,249,0.32946804788220513,0.18697141780181317,False
71,1,0.02075598534118381,249,0.32946804788220513,0.18697141780181317,False
72,2,0.02075778025891797,249,0.32946804788220513,0.18697141780181317,False
73,3,0.020391949336272402,249,0.32946804788220513,0.18697141780181317,False
74,4,0.021529656229506977,249,0.32946804788220513,0.18697141780181317,False
75,5,0.02047235406184826,249,0.32946804788220513,0.18697141780181317,False
76,6,0.020967386385726143,249,0.32946804788220513,0.18697141780181317,False
77,7,0.021383630329188292,249,0.32946804788220513,0.18697141780181317,False
78,8,0.02106217604272077,249,0.32946804788220513,0.18697141780181317,False
79,9,0.02093033817664629,249,0.32946804788220513,0.18697141780181317,False
80,0,0.003304378484020714,217,0.3532584007591154,0.7888841155892393,False
81,1,0.003317232161606987,217,0.3532584007591154,0.7888841155892393,False
82,2,0.003431346222699619,217,0.3532584007591154,0.7888841155892393,False
83,3,0.0037298354989822287,217,0.3532584007591154,0.7888841155892393,False
84,4,0.003299537004116411,217,0.3532584007591154,0.7888841155892393,False
85,5,0.002904442797438919,217,0.3532584007591154,0.7888841155892393,False
86,6,0.0032820431927037194,217,0.3532584007591154,0.7888841155892393,False
87,7,0.003537657460032591,217,0.3532584007591154,0.7888841155892393,False
88,8,0.003239402548741087,217,0.3532584007591154,0.7888841155892393,False
89,9,0.0034084300253727673,217,0.3532584007591154,0.7888841155892393,False
90,0,0.018915139011831,134,0.36741974327260024,0.6054546672810565,True
91,1,0.018094239419963076,134,0.36741974327260024,0.6054546672810565,True
92,2,0.01860110018153152,134,0.36741974327260024,0.6054546672810565,True
93,3,0.018500223108348667,134,0.36741974327260024,0.6054546672810565,True
94,4,0.01798045304068202,134,0.36741974327260024,0.6054546672810565,True
95,5,0.01769679340691015,134,0.36741974327260024,0.6054546672810565,True
96,6,0.017662653798720868,134,0.36741974327260024,0.6054546672810565,True
97,7,0.01864174053973637,134,0.36741974327260024,0.6054546672810565,True
98,8,0.018140447605428163,134,0.36741974327260024,0.6054546672810565,True
99,9,0.018167994697380063,134,0.36741974327260024,0.6054546672810565,True
100,0,0.002563481752218517,252,0.3050740139614824,0.802671555692163,True
101,1,0.0025723980364386304,252,0.3050740139614824,0.802671555692163,True
102,2,0.0025660407283873937,252,0.3050740139614824,0.802671555692163,True
103,3,0.0027385248990493957,252,0.3050740139614824,0.802671555692163,True
104,4,0.002465954790743251,252,0.3050740139614824,0.802671555692163,True
105,5,0.002217740466767712,252,0.3050740139614824,0.802671555692163,True
106,6,0.0025333130977078034,252,0.3050740139614824,0.802671555692163,True
107,7,0.0027022032929900227,252,0.3050740139614824,0.802671555692163,True
108,8,0.0024429130460258963,252,0.3050740139614824,0.802671555692163,True
109,9,0.002495070368997737,252,0.3050740139614824,0.802671555692163,True
110,0,0.0006183353479975504,80,0.3096338923878442,1.2606578054435715,False
111,1,0.0006108458503266017,80,0.3096338923878442,1.2606578054435715,False
112,2,0.000610313377428533,80,0.3096338923878442,1.2606578054435715,False
113,3,0.0006969652534368923,80,0.3096338923878442,1.2606578054435715,False
114,4,0.0006541476056159972,80,0.3096338923878442,1.2606578054435715,False
115,5,0.0004929139170384303,80,0.3096338923878442,1.2606578054435715,False
116,6,0.0006225442395388186,80,0.3096338923878442,1.2606578054435715,False
117,7,0.0007071041598412215,80,0.3096338923878442,1.2606578054435715,False
118,8,0.0006856096058430684,80,0.3096338923878442,1.2606578054435715,False
119,9,0.0005595269771581878,80,0.3096338923878442,1.2606578054435715,False
120,0,0.02431936076449371,190,0.27979279268887924,0.5450544806537688,False
121,1,0.023674639490067696,190,0.27979279268887924,0.5450544806537688,False
122,2,0.02363568303591067,190,0.27979279268887924,0.5450544806537688,False
123,3,0.023840526409563863,190,0.27979279268887924,0.5450544806537688,False
124,4,0.023573794907045326,190,0.27979279268887924,0.5450544806537688,False
125,5,0.023149157730869823,190,0.27979279268887924,0.5450544806537688,False
126,6,0.023418789017313486,190,0.27979279268887924,0.5450544806537688,False
127,7,0.024073025527557464,190,0.27979279268887924,0.5450544806537688,False
128,8,0.024115047295981185,190,0.27979279268887924,0.5450544806537688,False
129,9,0.02366066479142711,190,0.27979279268887924,0.5450544806537688,False
130,0,0.02240199927662456,118,0.314901625066843,0.5675380211672267,True
131,1,0.021376904785588843,118,0.314901625066843,0.5675380211672267,True
132,2,0.021936506366166043,118,0.314901625066843,0.5675380211672267,True
133,3,0.02160960453848103,118,0.314901625066843,0.5675380211672267,True
134,4,0.02180989515434514,118,0.314901625066843,0.5675380211672267,True
135,5,0.02108493322501104,118,0.314901625066843,0.5675380211672267,True
136,6,0.021284918404221767,118,0.314901625066843,0.5675380211672267,True
137,7,0.022299130141636907,118,0.314901625066843,0.5675380211672267,True
138,8,0.021724589000853653,118,0.314901625066843,0.5675380211672267,True
139,9,0.0214731202465687,118,0.314901625066843,0.5675380211672267,True
140,0,0.02297526642744522,185,0.30802075360298375,0.5770982415143647,False
141,1,0.021854374197704633,185,0.30802075360298375,0.5770982415143647,False
142,2,0.022241294024535035,185,0.30802075360298375,0.5770982415143647,False
143,3,0.022328557395608163,185,0.30802075360298375,0.5770982415143647,False
144,4,0.02227869033792382,185,0.30802075360298375,0.5770982415143647,False
145,5,0.021653894455450896,185,0.30802075360298375,0.5770982415143647,False
146,6,0.02177183615198073,185,0.30802075360298375,0.5770982415143647,False
147,7,0.022700945037169976,185,0.30802075360298375,0.5770982415143647,False
148,8,0.022489132138937655,185,0.30802075360298375,0.5770982415143647,False
149,9,0.02200861675741937,185,0.30802075360298375,0.5770982415143647,False
150,0,0.0015660881249028355,213,0.3673043007986658,0.8969833298285066,False
151,1,0.001698403224813252,213,0.3673043007986658,0.8969833298285066,False
152,2,0.0017270737935063231,213,0.3673043007986658,0.8969833298285066,False
153,3,0.0019920500897951986,213,0.3673043007986658,0.8969833298285066,False
154,4,0.0016325384973966334,213,0.3673043007986658,0.8969833298285066,False
155,5,0.0013364539337301965,213,0.3673043007986658,0.8969833298285066,False
156,6,0.0016481797497155855,213,0.3673043007986658,0.8969833298285066,False
157,7,0.001723391054829883,213,0.3673043007986658,0.8969833298285066,False
158,8,0.0016873809286260654,213,0.3673043007986658,0.8969833298285066,False
159,9,0.0016886896446864515,213,0.3673043007986658,0.8969833298285066,False
160,0,0.018527141651517042,271,0.2726149363935656,0.5899712188562919,True
161,1,0.017601371461413235,271,0.2726149363935656,0.5899712188562919,True
162,2,0.018109716647508503,271,0.2726149363935656,0.5899712188562919,True
163,3,0.017722678687713014,271,0.2726149363935656,0.5899712188562919,True
164,4,0.01784773282135152,271,0.2726149363935656,0.5899712188562919,True
165,5,0.017625267440442544,271,0.2726149363935656,0.5899712188562919,True
166,6,0.017573899867114055,271,0.2726149363935656,0.5899712188562919,True
167,7,0.01810975156174081,271,0.2726149363935656,0.5899712188562919,True
168,8,0.01783017314145717,271,0.2726149363935656,0.5899712188562919,True
169,9,0.017631670642047806,271,0.2726149363935656,0.5899712188562919,True
170,0,0.022592389011037814,262,0.3639580454774108,0.26276904678405305,False
171,1,0.02242074939329493,262,0.3639580454774108,0.26276904678405305,False
172,2,0.022367376775271536,262,0.3639580454774108,0.26276904678405305,False
173,3,0.022250197486365177,262,0.3639580454774108,0.26276904678405305,False
174,4,0.022924510338397926,262,0.3639580454774108,0.26276904678405305,False
175,5,0.02200524903832295,262,0.3639580454774108,0.26276904678405305,False
176,6,0.022631312479485553,262,0.3639580454774108,0.26276904678405305,False
177,7,0.02297511818899801,262,0.3639580454774108,0.26276904678405305,False
178,8,0.022486099431624773,262,0.3639580454774108,0.26276904678405305,False
179,9,0.022488703423895997,262,0.3639580454774108,0.26276904678405305,False
180,0,0.02595880963485408,34,0.2996716436792048,0.5092267285830656,True
181,1,0.025377080836645208,34,0.2996716436792048,0.5092267285830656,True
182,2,0.025661702815937062,34,0.2996716436792048,0.5092267285830656,True
183,3,0.0252928040856421,34,0.2996716436792048,0.5092267285830656,True
184,4,0.025575090663443083,34,0.2996716436792048,0.5092267285830656,True
185,5,0.024925393816444482,34,0.2996716436792048,0.5092267285830656,True
186,6,0.02537985216839866,34,0.2996716436792048,0.5092267285830656,True
187,7,0.026036798838922758,34,0.2996716436792048,0.5092267285830656,True
188,8,0.02585297070705639,34,0.2996716436792048,0.5092267285830656,True
189,9,0.02523218759997845,34,0.2996716436792048,0.5092267285830656,True
190,0,0.028012502022596104,13,0.269351274535706,0.4204864203320373,True
191,1,0.02740996133192504,13,0.269351274535706,0.4204864203320373,True
192,2,0.027286869272178042,13,0.269351274535706,0.4204864203320373,True
193,3,0.0268863456113879,13,0.269351274535706,0.4204864203320373,True
194,4,0.0270536790790649,13,0.269351274535706,0.4204864203320373,True
195,5,0.026888988659416777,13,0.269351274535706,0.4204864203320373,True
196,6,0.027414396930558464,13,0.269351274535706,0.4204864203320373,True
197,7,0.02781884123343903,13,0.269351274535706,0.4204864203320373,True
198,8,0.027764593815177548,13,0.269351274535706,0.4204864203320373,True
199,9,0.02772881406936497,13,0.269351274535706,0.4204864203320373,True
200,0,0.028083411857647428,285,0.3169720438587988,0.012324813329487065,True
201,1,0.02750571968566605,285,0.3169720438587988,0.012324813329487065,True
202,2,0.02743255774147161,285,0.3169720438587988,0.012324813329487065,True
203,3,0.027130799043235856,285,0.3169720438587988,0.012324813329487065,True
204,4,0.02758551992225485,285,0.3169720438587988,0.012324813329487065,True
205,5,0.026858455710595867,285,0.3169720438587988,0.012324813329487065,True
206,6,0.027513555479074563,285,0.3169720438587988,0.012324813329487065,True
207,7,0.02820755127590328,285,0.3169720438587988,0.012324813329487065,True
208,8,0.027724847929128195,285,0.3169720438587988,0.012324813329487065,True
209,9,0.02782573972181845,285,0.3169720438587988,0.012324813329487065,True
210,0,0.01852396498608773,258,0.32049182749941574,0.07063950425647379,False
211,1,0.018820248713564133,258,0.32049182749941574,0.07063950425647379,False
212,2,0.01863927126714029,258,0.32049182749941574,0.07063950425647379,False
213,3,0.01828348083712142,258,0.32049182749941574,0.07063950425647379,False
214,4,0.0193747303799569,258,0.32049182749941574,0.07063950425647379,False
215,5,0.01860516843007119,258,0.32049182749941574,0.07063950425647379,False
216,6,0.019127653336647548,258,0.32049182749941574,0.07063950425647379,False
217,7,0.019390477931459114,258,0.32049182749941574,0.07063950425647379,False
218,8,0.018921361820194518,258,0.32049182749941574,0.07063950425647379,False
219,9,0.01886601064958675,258,0.32049182749941574,0.07063950425647379,False
220,0,0.023957958558198468,258,0.27522691848182174,0.5522910219679605,False
221,1,0.02347298997851073,258,0.27522691848182174,0.5522910219679605,False
222,2,0.023575209169540534,258,0.27522691848182174,0.5522910219679605,False
223,3,0.02369027515645179,258,0.27522691848182174,0.5522910219679605,False
224,4,0.023620189306849317,258,0.27522691848182174,0.5522910219679605,False
225,5,0.022969784574842975,258,0.27522691848182174,0.5522910219679605,False
226,6,0.023427584344317968,258,0.27522691848182174,0.5522910219679605,False
227,7,0.024129457114051827,258,0.27522691848182174,0.5522910219679605,False
228,8,0.02392029680940195,258,0.27522691848182174,0.5522910219679605,False
229,9,0.023567461109368932,258,0.27522691848182174,0.5522910219679605,False
230,0,0.019779013544254424,145,0.3559087586421944,0.03490680569450398,False
231,1,0.01978666638245872,145,0.3559087586421944,0.03490680569450398,False
232,2,0.019471140256656687,145,0.3559087586421944,0.03490680569450398,False
233,3,0.019304603600322313,145,0.3559087586421944,0.03490680569450398,False
234,4,0.020354033831883542,145,0.3559087586421944,0.03490680569450398,False
235,5,0.01970844042828478,145,0.3559087586421944,0.03490680569450398,False
236,6,0.020288684301934617,145,0.3559087586421944,0.03490680569450398,False
237,7,0.020438035253320927,145,0.3559087586421944,0.03490680569450398,False
238,8,0.01988079797418325,145,0.3559087586421944,0.03490680569450398,False
239,9,0.0198740588166351,145,0.3559087586421944,0.03490680569450398,False
240,0,0.0007374622845340409,220,0.3243889642786634,1.0510224280531253,False
241,1,0.0008342412199469784,220,0.3243889642786634,1.0510224280531253,False
242,2,0.0008261450933097144,220,0.3243889642786634,1.0510224280531253,False
243,3,0.0010398859388131264,220,0.3243889642786634,1.0510224280531253,False
244,4,0.0008379751435998318,220,0.3243889642786634,1.0510224280531253,False
245,5,0.0006422213036999026,220,0.3243889642786634,1.0510224280531253,False
246,6,0.000863260548815658,220,0.3243889642786634,1.0510224280531253,False
247,7,0.0009157332624278471,220,0.3243889642786634,1.0510224280531253,False
248,8,0.0008773867723284058,220,0.3243889642786634,1.0510224280531253,False
249,9,0.0007798121909576696,220,0.3243889642786634,1.0510224280531253,False
250,0,0.0028566233275907574,128,0.3176162181433807,0.7950041378352062,True
251,1,0.0028378325036039253,128,0.3176162181433807,0.7950041378352062,True
252,2,0.0029573974095640243,128,0.3176162181433807,0.7950041378352062,True
253,3,0.0031966577896348574,128,0.3176162181433807,0.7950041378352062,True
254,4,0.0028615713416609502,128,0.3176162181433807,0.7950041378352062,True
255,5,0.0025478027520829155,128,0.3176162181433807,0.7950041378352062,True
256,6,0.0027570760955121635,128,0.3176162181433807,0.7950041378352062,True
257,7,0.0031129328123046477,128,0.3176162181433807,0.7950041378352062,True
258,8,0.0028036587277832517,128,0.3176162181433807,0.7950041378352062,True
259,9,0.0028990308622617663,128,0.3176162181433807,0.7950041378352062,True
260,0,0.0018650317745860432,109,0.28580816447278284,0.8501447999880272,True
261,1,0.002017209582861633,109,0.28580816447278284,0.8501447999880272,True
262,2,0.0019924733512980456,109,0.28580816447278284,0.8501447999880272,True
263,3,0.0023130225899174028,109,0.28580816447278284,0.8501447999880272,True
264,4,0.0019585950524228313,109,0.28580816447278284,0.8501447999880272,True
265,5,0.0016127272352953273,109,0.28580816447278284,0.8501447999880272,True
266,6,0.0018628885001099429,109,0.28580816447278284,0.8501447999880272,True
267,7,0.0020759836157682467,109,0.28580816447278284,0.8501447999880272,True
268,8,0.0017679891804405425,109,0.28580816447278284,0.8501447999880272,True
269,9,0.0018960073552470311,109,0.28580816447278284,0.8501447999880272,True
270,0,0.0008904101983254485,112,0.2655664054515672,1.0954520337375517,True
271,1,0.000912820780024599,112,0.2655664054515672,1.0954520337375517,True
272,2,0.0008831720592207327,112,0.2655664054515672,1.0954520337375517,True
273,3,0.0010500164769063143,112,0.2655664054515672,1.0954520337375517,True
274,4,0.0008741931151089924,112,0.2655664054515672,1.0954520337375517,True
275,5,0.0006740686896328909,112,0.2655664054515672,1.0954520337375517,True
276,6,0.0008970277530807531,112,0.2655664054515672,1.0954520337375517,True
277,7,0.000962312468444684,112,0.2655664054515672,1.0954520337375517,True
278,8,0.0008909824863132244,112,0.2655664054515672,1.0954520337375517,True
279,9,0.0007768385741844125,112,0.2655664054515672,1.0954520337375517,True
280,0,0.023645919591102543,142,0.324062163345774,0.5580775545733867,False
281,1,0.02277248835142008,142,0.324062163345774,0.5580775545733867,False
282,2,0.02297089449815016,142,0.324062163345774,0.5580775545733867,False
283,3,0.023210131011114375,142,0.324062163345774,0.5580775545733867,False
284,4,0.023012866703011076,142,0.324062163345774,0.5580775545733867,False
285,5,0.02266533401747411,142,0.324062163345774,0.5580775545733867,False
286,6,0.02260337695942994,142,0.324062163345774,0.5580775545733867,False
287,7,0.023765393849898814,142,0.324062163345774,0.5580775545733867,False
288,8,0.023475573640943333,142,0.324062163345774,0.5580775545733867,False
289,9,0.0229739454153244,142,0.324062163345774,0.5580775545733867,False
290,0,0.0007445255069180705,110,0.33136606952543257,1.2612199338055714,True
291,1,0.000704531854188672,110,0.33136606952543257,1.2612199338055714,True
292,2,0.0007257178032801293,110,0.33136606952543257,1.2612199338055714,True
293,3,0.0008301838002841272,110,0.33136606952543257,1.2612199338055714,True
294,4,0.0007275079602107964,110,0.33136606952543257,1.2612199338055714,True
295,5,0.0005942483082560897,110,0.33136606952543257,1.2612199338055714,True
296,6,0.0007468539179039068,110,0.33136606952543257,1.2612199338055714,True
297,7,0.0008020193818877627,110,0.33136606952543257,1.2612199338055714,True
298,8,0.0007555519131394608,110,0.33136606952543257,1.2612199338055714,True
299,9,0.0006755455458309174,110,0.33136606952543257,1.2612199338055714,True
300,0,0.02297258946219571,5,0.2651626829923486,0.14119274993951106,True
301,1,0.022716854638668977,5,0.2651626829923486,0.14119274993951106,True
302,2,0.02248709571547919,5,0.2651626829923486,0.14119274993951106,True
303,3,0.021944081794831764,5,0.2651626829923486,0.14119274993951106,True
304,4,0.022568852860540257,5,0.2651626829923486,0.14119274993951106,True
305,5,0.021716060996216625,5,0.2651626829923486,0.14119274993951106,True
306,6,0.023228247499227226,5,0.2651626829923486,0.14119274993951106,True
307,7,0.02266529841238179,5,0.2651626829923486,0.14119274993951106,True
308,8,0.022992490288210123,5,0.2651626829923486,0.14119274993951106,True
309,9,0.022630205611147515,5,0.2651626829923486,0.14119274993951106,True
310,0,0.02591163952422204,299,0.2697944942272644,0.3083191670193755,True
311,1,0.025727572437509862,299,0.2697944942272644,0.3083191670193755,True
312,2,0.02524416460951879,299,0.2697944942272644,0.3083191670193755,True
313,3,0.025016985404141507,299,0.2697944942272644,0.3083191670193755,True
314,4,0.025858675642150046,299,0.2697944942272644,0.3083191670193755,True
315,5,0.02482330718712048,299,0.2697944942272644,0.3083191670193755,True
316,6,0.02578211489373911,299,0.2697944942272644,0.3083191670193755,True
317,7,0.02581860224396881,299,0.2697944942272644,0.3083191670193755,True
318,8,0.025504779483378762,299,0.2697944942272644,0.3083191670193755,True
319,9,0.025431887149857668,299,0.2697944942272644,0.3083191670193755,True
320,0,0.02619561992962957,12,0.3302231817055381,0.0002938639252148879,True
321,1,0.02533028125537829,12,0.3302231817055381,0.0002938639252148879,True
322,2,0.02533408238641715,12,0.3302231817055381,0.0002938639252148879,True
323,3,0.02478372680816307,12,0.3302231817055381,0.0002938639252148879,True
324,4,0.025424822426066737,12,0.3302231817055381,0.0002938639252148879,True
325,5,0.024876019282634047,12,0.3302231817055381,0.0002938639252148879,True
326,6,0.026273565740289273,12,0.3302231817055381,0.0002938639252148879,True
327,7,0.025012360978559012,12,0.3302231817055381,0.0002938639252148879,True
328,8,0.02579660035885719,12,0.3302231817055381,0.0002938639252148879,True
329,9,0.02621199234699535,12,0.3302231817055381,0.0002938639252148879,True
330,0,0.024717891487329863,5,0.2651626829923486,0.4050138800833278,True
331,1,0.023664972471299017,5,0.2651626829923486,0.4050138800833278,True
332,2,0.02393293305318439,5,0.2651626829923486,0.4050138800833278,True
333,3,0.023857492104487284,5,0.2651626829923486,0.4050138800833278,True
334,4,0.024483696382153336,5,0.2651626829923486,0.4050138800833278,True
335,5,0.023258192664807532,5,0.2651626829923486,0.4050138800833278,True
336,6,0.0244484198685162,5,0.2651626829923486,0.4050138800833278,True
337,7,0.024302186357974657,5,0.2651626829923486,0.4050138800833278,True
338,8,0.024692892854371443,5,0.2651626829923486,0.4050138800833278,True
339,9,0.024355988254411744,5,0.2651626829923486,0.4050138800833278,True
340,0,0.02532358759347569,300,0.3734888002894443,0.44056501002556475,False
341,1,0.02507846903475083,300,0.3734888002894443,0.44056501002556475,False
342,2,0.0248561292014498,300,0.3734888002894443,0.44056501002556475,False
343,3,0.024790964033042134,300,0.3734888002894443,0.44056501002556475,False
344,4,0.025086894688188883,300,0.3734888002894443,0.44056501002556475,False
345,5,0.024609909113800284,300,0.3734888002894443,0.44056501002556475,False
346,6,0.02522963053253166,300,0.3734888002894443,0.44056501002556475,False
347,7,0.025544520098064915,300,0.3734888002894443,0.44056501002556475,False
348,8,0.025195201829443164,300,0.3734888002894443,0.44056501002556475,False
349,9,0.024909560078937448,300,0.3734888002894443,0.44056501002556475,False
350,0,0.024839358289788036,299,0.31048487667747066,0.4605373750846125,True
351,1,0.0242629539630435,299,0.31048487667747066,0.4605373750846125,True
352,2,0.024370921036928245,299,0.31048487667747066,0.4605373750846125,True
353,3,0.02410747594292846,299,0.31048487667747066,0.4605373750846125,True
354,4,0.0244321268577118,299,0.31048487667747066,0.4605373750846125,True
355,5,0.023976675075896913,299,0.31048487667747066,0.4605373750846125,True
356,6,0.024413832085735342,299,0.31048487667747066,0.4605373750846125,True
357,7,0.025041146548026676,299,0.31048487667747066,0.4605373750846125,True
358,8,0.0246349150921136,299,0.31048487667747066,0.4605373750846125,True
359,9,0.024282099222979348,299,0.31048487667747066,0.4605373750846125,True
360,0,0.025677224617610395,5,0.2696528166739068,0.452407901269985,False
361,1,0.02476932180080497,5,0.2696528166739068,0.452407901269985,False
362,2,0.024921388684744483,5,0.2696528166739068,0.452407901269985,False
363,3,0.025380786035151877,5,0.2696528166739068,0.452407901269985,False
364,4,0.025227946463138154,5,0.2696528166739068,0.452407901269985,False
365,5,0.025002395284496517,5,0.2696528166739068,0.452407901269985,False
366,6,0.024900622364986903,5,0.2696528166739068,0.452407901269985,False
367,7,0.025489350724169774,5,0.2696528166739068,0.452407901269985,False
368,8,0.025477326751645834,5,0.2696528166739068,0.452407901269985,False
369,9,0.025618056941395666,5,0.2696528166739068,0.452407901269985,False
370,0,0.023653018506356465,5,0.367383536784056,0.45574112718031673,True
371,1,0.022733765013681514,5,0.367383536784056,0.45574112718031673,True
372,2,0.022820125972826802,5,0.367383536784056,0.45574112718031673,True
373,3,0.02290589163714233,5,0.367383536784056,0.45574112718031673,True
374,4,0.02334213104521715,5,0.367383536784056,0.45574112718031673,True
375,5,0.022222606259571318,5,0.367383536784056,0.45574112718031673,True
376,6,0.023492820336325642,5,0.367383536784056,0.45574112718031673,True
377,7,0.023263310209915053,5,0.367383536784056,0.45574112718031673,True
378,8,0.02369210340027463,5,0.367383536784056,0.45574112718031673,True
379,9,0.02354560839169698,5,0.367383536784056,0.45574112718031673,True
380,0,0.027890131000764685,178,0.29600516199363636,0.21881727852349267,True
381,1,0.027542153570204966,178,0.29600516199363636,0.21881727852349267,True
382,2,0.027109181160922466,178,0.29600516199363636,0.21881727852349267,True
383,3,0.026980768533366253,178,0.29600516199363636,0.21881727852349267,True
384,4,0.027814165619790453,178,0.29600516199363636,0.21881727852349267,True
385,5,0.026500964448435357,178,0.29600516199363636,0.21881727852349267,True
386,6,0.027587148625092935,178,0.29600516199363636,0.21881727852349267,True
387,7,0.027636520756472993,178,0.29600516199363636,0.21881727852349267,True
388,8,0.027620342260420185,178,0.29600516199363636,0.21881727852349267,True
389,9,0.027302442562869803,178,0.29600516199363636,0.21881727852349267,True
390,0,0.028815004648005033,224,0.28588991691108506,0.0,True
391,1,0.028091594706784365,224,0.28588991691108506,0.0,True
392,2,0.02810566123956521,224,0.28588991691108506,0.0,True
393,3,0.02787891760127799,224,0.28588991691108506,0.0,True
394,4,0.028111636524528708,224,0.28588991691108506,0.0,True
395,5,0.027371482099108686,224,0.28588991691108506,0.0,True
396,6,0.028372764919392213,224,0.28588991691108506,0.0,True
397,7,0.028939788897910507,224,0.28588991691108506,0.0,True
398,8,0.0282641036726641,224,0.28588991691108506,0.0,True
399,9,0.02846686892012184,224,0.28588991691108506,0.0,True
400,0,0.01703245513009652,294,0.2651626829923486,0.0,False
401,1,0.017467880550542443,294,0.2651626829923486,0.0,False
402,2,0.01704124031884228,294,0.2651626829923486,0.0,False
403,3,0.0166127737807483,294,0.2651626829923486,0.0,False
404,4,0.017995745336462088,294,0.2651626829923486,0.0,False
405,5,0.017148213870003735,294,0.2651626829923486,0.0,False
406,6,0.017558846633078686,294,0.2651626829923486,0.0,False
407,7,0.017839673676496897,294,0.2651626829923486,0.0,False
408,8,0.017492346967055143,294,0.2651626829923486,0.0,False
409,9,0.017286671703205303,294,0.2651626829923486,0.0,False
410,0,0.03005627179248027,103,0.37604237810415503,0.03674072992070472,True
411,1,0.029853798676538403,103,0.37604237810415503,0.03674072992070472,True
412,2,0.029118610278830094,103,0.37604237810415503,0.03674072992070472,True
413,3,0.02914435583180011,103,0.37604237810415503,0.03674072992070472,True
414,4,0.029165762007474533,103,0.37604237810415503,0.03674072992070472,True
415,5,0.028890714056083806,103,0.37604237810415503,0.03674072992070472,True
416,6,0.0293832515941532,103,0.37604237810415503,0.03674072992070472,True
417,7,0.030072868047741123,103,0.37604237810415503,0.03674072992070472,True
418,8,0.02973709278184007,103,0.37604237810415503,0.03674072992070472,True
419,9,0.029885351433196355,103,0.37604237810415503,0.03674072992070472,True
420,0,0.027513388792121663,203,0.37644615066224263,0.21409049970982913,True
421,1,0.02724019048250623,203,0.37644615066224263,0.21409049970982913,True
422,2,0.02680318826514917,203,0.37644615066224263,0.21409049970982913,True
423,3,0.026511665491997415,203,0.37644615066224263,0.21409049970982913,True
424,4,0.027612758459946325,203,0.37644615066224263,0.21409049970982913,True
425,5,0.026337273477351406,203,0.37644615066224263,0.21409049970982913,True
426,6,0.027415094023957774,203,0.37644615066224263,0.21409049970982913,True
427,7,0.02722318767637361,203,0.37644615066224263,0.21409049970982913,True
428,8,0.02724465079523452,203,0.37644615066224263,0.21409049970982913,True
429,9,0.02709379840541295,203,0.37644615066224263,0.21409049970982913,True
430,0,0.00049277576311356,255,0.37644615066224263,1.35,False
431,1,0.0005825987346428999,255,0.37644615066224263,1.35,False
432,2,0.0005339201700994334,255,0.37644615066224263,1.35,False
433,3,0.0006481534039396352,255,0.37644615066224263,1.35,False
434,4,0.0005592611028151093,255,0.37644615066224263,1.35,False
435,5,0.0004746068170192684,255,0.37644615066224263,1.35,False
436,6,0.000625487965379553,255,0.37644615066224263,1.35,False
437,7,0.0007073178259238673,255,0.37644615066224263,1.35,False
438,8,0.0006467466097816284,255,0.37644615066224263,1.35,False
439,9,0.0004850321356507743,255,0.37644615066224263,1.35,False
440,0,0.02459556409011736,91,0.2944794598226286,0.34106371155191356,False
441,1,0.024576514315398274,91,0.2944794598226286,0.34106371155191356,False
442,2,0.02440602602998727,91,0.2944794598226286,0.34106371155191356,False
443,3,0.024822021818892842,91,0.2944794598226286,0.34106371155191356,False
444,4,0.024901084010840138,91,0.2944794598226286,0.34106371155191356,False
445,5,0.024137745091052508,91,0.2944794598226286,0.34106371155191356,False
446,6,0.024604716175434898,91,0.2944794598226286,0.34106371155191356,False
447,7,0.024939263437618268,91,0.2944794598226286,0.34106371155191356,False
448,8,0.024774918481144194,91,0.2944794598226286,0.34106371155191356,False
449,9,0.024882789608892227,91,0.2944794598226286,0.34106371155191356,False
450,0,0.029294942875544686,97,0.34201873432785723,0.2615470035746061,True
451,1,0.02877322808164364,97,0.34201873432785723,0.2615470035746061,True
452,2,0.02831187853719525,97,0.34201873432785723,0.2615470035746061,True
453,3,0.02797412100829215,97,0.34201873432785723,0.2615470035746061,True
454,4,0.028742176080653197,97,0.34201873432785723,0.2615470035746061,True
455,5,0.028019099721434453,97,0.34201873432785723,0.2615470035746061,True
456,6,0.028657927903812365,97,0.34201873432785723,0.2615470035746061,True
457,7,0.028981619968757456,97,0.34201873432785723,0.2615470035746061,True
458,8,0.028879244404536437,97,0.34201873432785723,0.2615470035746061,True
459,9,0.028749291241807903,97,0.34201873432785723,0.2615470035746061,True
460,0,0.025991674836368057,6,0.285047644741908,0.38970625280164406,True
461,1,0.02472152354426309,6,0.285047644741908,0.38970625280164406,True
462,2,0.025013685529613576,6,0.285047644741908,0.38970625280164406,True
463,3,0.025048098375802772,6,0.285047644741908,0.38970625280164406,True
464,4,0.025868729605663488,6,0.285047644741908,0.38970625280164406,True
465,5,0.024727266176682527,6,0.285047644741908,0.38970625280164406,True
466,6,0.025605837898299302,6,0.285047644741908,0.38970625280164406,True
467,7,0.02544609521277195,6,0.285047644741908,0.38970625280164406,True
468,8,0.02601603217361977,6,0.285047644741908,0.38970625280164406,True
469,9,0.025719884508050628,6,0.285047644741908,0.38970625280164406,True
470,0,0.025479692343324173,288,0.34011721393465083,0.43939316696242986,True
471,1,0.02483100282786945,288,0.34011721393465083,0.43939316696242986,True
472,2,0.024697245934384934,288,0.34011721393465083,0.43939316696242986,True
473,3,0.024421885273429964,288,0.34011721393465083,0.43939316696242986,True
474,4,0.025033440786302957,288,0.34011721393465083,0.43939316696242986,True
475,5,0.02442060641476988,288,0.34011721393465083,0.43939316696242986,True
476,6,0.024853490884408434,288,0.34011721393465083,0.43939316696242986,True
477,7,0.02550535985325102,288,0.34011721393465083,0.43939316696242986,True
478,8,0.025078838512690698,288,0.34011721393465083,0.43939316696242986,True
479,9,0.024718143892959375,288,0.34011721393465083,0.43939316696242986,True
480,0,0.02267712785027397,5,0.37644615066224263,0.1380056341637097,True
481,1,0.022392679907600806,5,0.37644615066224263,0.1380056341637097,True
482,2,0.021893557515342197,5,0.37644615066224263,0.1380056341637097,True
483,3,0.021367401899337935,5,0.37644615066224263,0.1380056341637097,True
484,4,0.0222750203449556,5,0.37644615066224263,0.1380056341637097,True
485,5,0.02154828022532304,5,0.37644615066224263,0.1380056341637097,True
486,6,0.022971999949012556,5,0.37644615066224263,0.1380056341637097,True
487,7,0.022211301511331466,5,0.37644615066224263,0.1380056341637097,True
488,8,0.022564221338540382,5,0.37644615066224263,0.1380056341637097,True
489,9,0.022317453190282884,5,0.37644615066224263,0.1380056341637097,True
490,0,0.027391184337016903,123,0.3025671708651143,0.4261388604979231,True
491,1,0.02666595614670822,123,0.3025671708651143,0.4261388604979231,True
492,2,0.02643681179766466,123,0.3025671708651143,0.4261388604979231,True
493,3,0.02636152855235014,123,0.3025671708651143,0.4261388604979231,True
494,4,0.026954269280302222,123,0.3025671708651143,0.4261388604979231,True
495,5,0.02617249769973508,123,0.3025671708651143,0.4261388604979231,True
496,6,0.026644037023228092,123,0.3025671708651143,0.4261388604979231,True
497,7,0.027256404838666346,123,0.3025671708651143,0.4261388604979231,True
498,8,0.026856812664205837,123,0.3025671708651143,0.4261388604979231,True
499,9,0.0266728910682214,123,0.3025671708651143,0.4261388604979231,True
500,0,0.026012293417600345,300,0.37644615066224263,0.32736701506285454,True
501,1,0.02570913839191971,300,0.37644615066224263,0.32736701506285454,True
502,2,0.025103838857796178,300,0.37644615066224263,0.32736701506285454,True
503,3,0.025005222942791262,300,0.37644615066224263,0.32736701506285454,True
504,4,0.025907554891875555,300,0.37644615066224263,0.32736701506285454,True
505,5,0.02495193594415386,300,0.37644615066224263,0.32736701506285454,True
506,6,0.02570641851735009,300,0.37644615066224263,0.32736701506285454,True
507,7,0.026003617287643756,300,0.37644615066224263,0.32736701506285454,True
508,8,0.025511743624584176,300,0.37644615066224263,0.32736701506285454,True
509,9,0.025440035889297566,300,0.37644615066224263,0.32736701506285454,True
510,0,0.021218003324989135,269,0.26559188990551275,0.2417379369577047,False
511,1,0.021171746094903368,269,0.26559188990551275,0.2417379369577047,False
512,2,0.021092129603457316,269,0.26559188990551275,0.2417379369577047,False
513,3,0.0208708596845579,269,0.26559188990551275,0.2417379369577047,False
514,4,0.021768367741986493,269,0.26559188990551275,0.2417379369577047,False
515,5,0.020815695329314026,269,0.26559188990551275,0.2417379369577047,False
516,6,0.021363040665640633,269,0.26559188990551275,0.2417379369577047,False
517,7,0.021745655851997513,269,0.26559188990551275,0.2417379369577047,False
518,8,0.021330285581258362,269,0.26559188990551275,0.2417379369577047,False
519,9,0.021314655377217724,269,0.26559188990551275,0.2417379369577047,False
520,0,0.01462342039220905,5,0.27845139959372417,0.6828201009032419,False
521,1,0.014308265399730588,5,0.27845139959372417,0.6828201009032419,False
522,2,0.014820329332102089,5,0.27845139959372417,0.6828201009032419,False
523,3,0.014434708090712803,5,0.27845139959372417,0.6828201009032419,False
524,4,0.015132111845899755,5,0.27845139959372417,0.6828201009032419,False
525,5,0.014380781345761862,5,0.27845139959372417,0.6828201009032419,False
526,6,0.014059947642310546,5,0.27845139959372417,0.6828201009032419,False
527,7,0.014315073588181496,5,0.27845139959372417,0.6828201009032419,False
528,8,0.015039615234167681,5,0.27845139959372417,0.6828201009032419,False
529,9,0.014594673464409997,5,0.27845139959372417,0.6828201009032419,False
530,0,0.025990861832107276,296,0.3199058464837674,0.31471187142742935,True
531,1,0.025810115120022722,296,0.3199058464837674,0.31471187142742935,True
532,2,0.0252920168529093,296,0.3199058464837674,0.31471187142742935,True
533,3,0.025185924937837192,296,0.3199058464837674,0.31471187142742935,True
534,4,0.02589854385424328,296,0.3199058464837674,0.31471187142742935,True
535,5,0.02493897765298551,296,0.3199058464837674,0.31471187142742935,True
536,6,0.025789225246412584,296,0.3199058464837674,0.31471187142742935,True
537,7,0.025950853635568063,296,0.3199058464837674,0.31471187142742935,True
538,8,0.02553765228862517,296,0.3199058464837674,0.31471187142742935,True
539,9,0.025510103961760372,296,0.3199058464837674,0.31471187142742935,True
540,0,0.03005860769252749,18,0.2976624021377954,0.3127556963780903,True
541,1,0.029171699516372995,18,0.2976624021377954,0.3127556963780903,True
542,2,0.028907462107650262,18,0.2976624021377954,0.3127556963780903,True
543,3,0.028591086545541853,18,0.2976624021377954,0.3127556963780903,True
544,4,0.02872174026405007,18,0.2976624021377954,0.3127556963780903,True
545,5,0.02845873142565769,18,0.2976624021377954,0.3127556963780903,True
546,6,0.029033553694515487,18,0.2976624021377954,0.3127556963780903,True
547,7,0.029658086786414756,18,0.2976624021377954,0.3127556963780903,True
548,8,0.029634871541486533,18,0.2976624021377954,0.3127556963780903,True
549,9,0.029865850684050805,18,0.2976624021377954,0.3127556963780903,True
550,0,0.0011450708939715528,6,0.3021313095059713,0.9714792255980035,True
551,1,0.001222358799947579,6,0.3021313095059713,0.9714792255980035,True
552,2,0.0009956635008574063,6,0.3021313095059713,0.9714792255980035,True
553,3,0.001438292014928549,6,0.3021313095059713,0.9714792255980035,True
554,4,0.0011459385147787333,6,0.3021313095059713,0.9714792255980035,True
555,5,0.0009370946822308679,6,0.3021313095059713,0.9714792255980035,True
556,6,0.0011641658938888397,6,0.3021313095059713,0.9714792255980035,True
557,7,0.0013214693262554452,6,0.3021313095059713,0.9714792255980035,True
558,8,0.0012544045520699206,6,0.3021313095059713,0.9714792255980035,True
559,9,0.0009377860769798504,6,0.3021313095059713,0.9714792255980035,True
560,0,0.024671954763649848,5,0.3698226025900459,0.3511051551862627,True
561,1,0.023777356992069076,5,0.3698226025900459,0.3511051551862627,True
562,2,0.023643204973586886,5,0.3698226025900459,0.3511051551862627,True
563,3,0.023994088811313433,5,0.3698226025900459,0.3511051551862627,True
564,4,0.02444623005996829,5,0.3698226025900459,0.3511051551862627,True
565,5,0.023215762476462964,5,0.3698226025900459,0.3511051551862627,True
566,6,0.02429328671172677,5,0.3698226025900459,0.3511051551862627,True
567,7,0.024502684279082764,5,0.3698226025900459,0.3511051551862627,True
568,8,0.024774894726256654,5,0.3698226025900459,0.3511051551862627,True
569,9,0.024631307156002855,5,0.3698226025900459,0.3511051551862627,True
570,0,0.02636161953621485,9,0.3174100529068099,0.29165502546006156,False
571,1,0.025633657488327792,9,0.3174100529068099,0.29165502546006156,False
572,2,0.02524514214734833,9,0.3174100529068099,0.29165502546006156,False
573,3,0.025956594783206537,9,0.3174100529068099,0.29165502546006156,False
574,4,0.02551078085124873,9,0.3174100529068099,0.29165502546006156,False
575,5,0.025284413309705135,9,0.3174100529068099,0.29165502546006156,False
576,6,0.025665552910583964,9,0.3174100529068099,0.29165502546006156,False
577,7,0.02608268956533995,9,0.3174100529068099,0.29165502546006156,False
578,8,0.025386226757822237,9,0.3174100529068099,0.29165502546006156,False
579,9,0.026276513099751958,9,0.3174100529068099,0.29165502546006156,False
580,0,0.021190254101507378,5,0.2720572718761502,0.07316561762123207,True
581,1,0.02147932623760733,5,0.2720572718761502,0.07316561762123207,True
582,2,0.0208174885836144,5,0.2720572718761502,0.07316561762123207,True
583,3,0.020849660449590895,5,0.2720572718761502,0.07316561762123207,True
584,4,0.021218101874896242,5,0.2720572718761502,0.07316561762123207,True
585,5,0.02001418562702602,5,0.2720572718761502,0.07316561762123207,True
586,6,0.021917592406700968,5,0.2720572718761502,0.07316561762123207,True
587,7,0.02120085086582237,5,0.2720572718761502,0.07316561762123207,True
588,8,0.021574125542997133,5,0.2720572718761502,0.07316561762123207,True
589,9,0.021041819109071113,5,0.2720572718761502,0.07316561762123207,True
590,0,0.028553141924369422,254,0.3659093556185038,0.004204538239329571,True
591,1,0.02790884107879045,254,0.3659093556185038,0.004204538239329571,True
592,2,0.027886202033906928,254,0.3659093556185038,0.004204538239329571,True
593,3,0.02763980142568621,254,0.3659093556185038,0.004204538239329571,True
594,4,0.027988393499095522,254,0.3659093556185038,0.004204538239329571,True
595,5,0.02713573067658684,254,0.3659093556185038,0.004204538239329571,True
596,6,0.028059160524278023,254,0.3659093556185038,0.004204538239329571,True
597,7,0.028560962890158404,254,0.3659093556185038,0.004204538239329571,True
598,8,0.027861248493544367,254,0.3659093556185038,0.004204538239329571,True
599,9,0.02826555783625241,254,0.3659093556185038,0.004204538239329571,True
600,0,0.023865117437474076,5,0.33374533313330096,0.2029569056473604,True
601,1,0.023783135887731514,5,0.33374533313330096,0.2029569056473604,True
602,2,0.02295616076532183,5,0.33374533313330096,0.2029569056473604,True
603,3,0.022866954105903177,5,0.33374533313330096,0.2029569056473604,True
604,4,0.023919730261442614,5,0.33374533313330096,0.2029569056473604,True
605,5,0.022448103488959478,5,0.33374533313330096,0.2029569056473604,True
606,6,0.023766953311472435,5,0.33374533313330096,0.2029569056473604,True
607,7,0.023896758922933047,5,0.33374533313330096,0.2029569056473604,True
608,8,0.023954345481582814,5,0.33374533313330096,0.2029569056473604,True
609,9,0.023542678329896437,5,0.33374533313330096,0.2029569056473604,True
610,0,0.024813100235097058,5,0.3707507035777087,0.28718804247141305,True
611,1,0.02390952159901732,5,0.3707507035777087,0.28718804247141305,True
612,2,0.023492844737156186,5,0.3707507035777087,0.28718804247141305,True
613,3,0.02341213867090491,5,0.3707507035777087,0.28718804247141305,True
614,4,0.024435101566759057,5,0.3707507035777087,0.28718804247141305,True
615,5,0.02335424555268913,5,0.3707507035777087,0.28718804247141305,True
616,6,0.02442447968948667,5,0.3707507035777087,0.28718804247141305,True
617,7,0.02491921443686331,5,0.3707507035777087,0.28718804247141305,True
618,8,0.024362616775068104,5,0.3707507035777087,0.28718804247141305,True
619,9,0.024651619611457974,5,0.3707507035777087,0.28718804247141305,True
620,0,0.02430974351896802,300,0.27777854326974755,0.49924434059830547,False
621,1,0.024091185763074858,300,0.27777854326974755,0.49924434059830547,False
622,2,0.023971971752690103,300,0.27777854326974755,0.49924434059830547,False
623,3,0.023870184840930897,300,0.27777854326974755,0.49924434059830547,False
624,4,0.0243271587380597,300,0.27777854326974755,0.49924434059830547,False
625,5,0.02367540371431419,300,0.27777854326974755,0.49924434059830547,False
626,6,0.024317748714958166,300,0.27777854326974755,0.49924434059830547,False
627,7,0.02493256065347,300,0.27777854326974755,0.49924434059830547,False
628,8,0.024464093695611276,300,0.27777854326974755,0.49924434059830547,False
629,9,0.023920351417358005,300,0.27777854326974755,0.49924434059830547,False
630,0,0.026828807477418403,300,0.3726471275819254,0.1531613970717018,True
631,1,0.02654958481950433,300,0.3726471275819254,0.1531613970717018,True
632,2,0.026214266870182985,300,0.3726471275819254,0.1531613970717018,True
633,3,0.02608117280884754,300,0.3726471275819254,0.1531613970717018,True
634,4,0.026725133723640545,300,0.3726471275819254,0.1531613970717018,True
635,5,0.02548619920215253,300,0.3726471275819254,0.1531613970717018,True
636,6,0.02669452251890521,300,0.3726471275819254,0.1531613970717018,True
637,7,0.02661916157429185,300,0.3726471275819254,0.1531613970717018,True
638,8,0.02666556602354271,300,0.3726471275819254,0.1531613970717018,True
639,9,0.02628725533983961,300,0.3726471275819254,0.1531613970717018,True
640,0,0.005790608967952554,300,0.3751101154487186,0.7209348993077069,True
641,1,0.005457507748614893,300,0.3751101154487186,0.7209348993077069,True
642,2,0.00578047955100785,300,0.3751101154487186,0.7209348993077069,True
643,3,0.005677827602681096,300,0.3751101154487186,0.7209348993077069,True
644,4,0.0055279575244732175,300,0.3751101154487186,0.7209348993077069,True
645,5,0.005135925466664777,300,0.3751101154487186,0.7209348993077069,True
646,6,0.005202340321794261,300,0.3751101154487186,0.7209348993077069,True
647,7,0.005649568631919822,300,0.3751101154487186,0.7209348993077069,True
648,8,0.005579623215809991,300,0.3751101154487186,0.7209348993077069,True
649,9,0.005589971903083064,300,0.3751101154487186,0.7209348993077069,True
650,0,0.025893686010615927,300,0.2734003587807763,0.24837313105328634,True
651,1,0.02581794268156558,300,0.2734003587807763,0.24837313105328634,True
652,2,0.02542950813751176,300,0.2734003587807763,0.24837313105328634,True
653,3,0.025296734103727243,300,0.2734003587807763,0.24837313105328634,True
654,4,0.02629615934643323,300,0.2734003587807763,0.24837313105328634,True
655,5,0.024664897719372483,300,0.2734003587807763,0.24837313105328634,True
656,6,0.026185006994834382,300,0.2734003587807763,0.24837313105328634,True
657,7,0.026023381400288433,300,0.2734003587807763,0.24837313105328634,True
658,8,0.025570394441989865,300,0.2734003587807763,0.24837313105328634,True
659,9,0.02555941610995493,300,0.2734003587807763,0.24837313105328634,True
660,0,0.030010045559965722,66,0.2651626829923486,0.0,True
661,1,0.02926714997813195,66,0.2651626829923486,0.0,True
662,2,0.02956906677721887,66,0.2651626829923486,0.0,True
663,3,0.02941708410790586,66,0.2651626829923486,0.0,True
664,4,0.029179327944883163,66,0.2651626829923486,0.0,True
665,5,0.028860204862150494,66,0.2651626829923486,0.0,True
666,6,0.029378822063524126,66,0.2651626829923486,0.0,True
667,7,0.02987356903076348,66,0.2651626829923486,0.0,True
668,8,0.02991416567292078,66,0.2651626829923486,0.0,True
669,9,0.029818229260706007,66,0.2651626829923486,0.0,True
670,0,0.030665231813293135,59,0.37644615066224263,0.10277510174112005,True
671,1,0.030176149739713096,59,0.37644615066224263,0.10277510174112005,True
672,2,0.029695247674323876,59,0.37644615066224263,0.10277510174112005,True
673,3,0.029604203424358686,59,0.37644615066224263,0.10277510174112005,True
674,4,0.0297912252008819,59,0.37644615066224263,0.10277510174112005,True
675,5,0.0293078894732593,59,0.37644615066224263,0.10277510174112005,True
676,6,0.029912500836512285,59,0.37644615066224263,0.10277510174112005,True
677,7,0.0305138946262191,59,0.37644615066224263,0.10277510174112005,True
678,8,0.03033238234600126,59,0.37644615066224263,0.10277510174112005,True
679,9,0.03059528560975398,59,0.37644615066224263,0.10277510174112005,True
680,0,0.029177862330221124,56,0.2651626829923486,0.3568971184809109,True
681,1,0.028768147863940358,56,0.2651626829923486,0.3568971184809109,True
682,2,0.02813600024497341,56,0.2651626829923486,0.3568971184809109,True
683,3,0.028194036463630365,56,0.2651626829923486,0.3568971184809109,True
684,4,0.02862056460214762,56,0.2651626829923486,0.3568971184809109,True
685,5,0.027717939215993838,56,0.2651626829923486,0.3568971184809109,True
686,6,0.028486749648664992,56,0.2651626829923486,0.3568971184809109,True
687,7,0.0291231064832622,56,0.2651626829923486,0.3568971184809109,True
688,8,0.02902396313874934,56,0.2651626829923486,0.3568971184809109,True
689,9,0.02876093625769354,56,0.2651626829923486,0.3568971184809109,True
690,0,0.021825825139836788,40,0.37644615066224263,0.0,False
691,1,0.021637503769703123,40,0.37644615066224263,0.0,False
692,2,0.02174723305758124,40,0.37644615066224263,0.0,False
693,3,0.021573745587106116,40,0.37644615066224263,0.0,False
694,4,0.022338642774182862,40,0.37644615066224263,0.0,False
695,5,0.021166040329464505,40,0.37644615066224263,0.0,False
696,6,0.022047685968585362,40,0.37644615066224263,0.0,False
697,7,0.022483116422691716,40,0.37644615066224263,0.0,False
698,8,0.02211974363725335,40,0.37644615066224263,0.0,False
699,9,0.022351390433110636,40,0.37644615066224263,0.0,False
700,0,0.02936660622674035,166,0.37644615066224263,0.0,True
701,1,0.02888932704286341,166,0.37644615066224263,0.0,True
702,2,0.028569677640215965,166,0.37644615066224263,0.0,True
703,3,0.028349577670875304,166,0.37644615066224263,0.0,True
704,4,0.02844382817006032,166,0.37644615066224263,0.0,True
705,5,0.028264879665657897,166,0.37644615066224263,0.0,True
706,6,0.02865429505135398,166,0.37644615066224263,0.0,True
707,7,0.029449196536393846,166,0.37644615066224263,0.0,True
708,8,0.028903125984838268,166,0.37644615066224263,0.0,True
709,9,0.029073629285413464,166,0.37644615066224263,0.0,True
710,0,0.029530325455520572,137,0.2651626829923486,0.0,True
711,1,0.029256784281404,137,0.2651626829923486,0.0,True
712,2,0.028758558363327028,137,0.2651626829923486,0.0,True
713,3,0.02866757407906731,137,0.2651626829923486,0.0,True
714,4,0.028674409601239122,137,0.2651626829923486,0.0,True
715,5,0.028500183704464006,137,0.2651626829923486,0.0,True
716,6,0.029000057360828398,137,0.2651626829923486,0.0,True
717,7,0.029593698116731536,137,0.2651626829923486,0.0,True
718,8,0.029085531848177974,137,0.2651626829923486,0.0,True
719,9,0.02936252150031856,137,0.2651626829923486,0.0,True
720,0,0.02521811119677403,175,0.37644615066224263,0.36151625671188553,False
721,1,0.02505912710254702,175,0.37644615066224263,0.36151625671188553,False
722,2,0.024857942946338335,175,0.37644615066224263,0.36151625671188553,False
723,3,0.02495397503393935,175,0.37644615066224263,0.36151625671188553,False
724,4,0.025019171664019853,175,0.37644615066224263,0.36151625671188553,False
725,5,0.02446711452548039,175,0.37644615066224263,0.36151625671188553,False
726,6,0.02512198736149751,175,0.37644615066224263,0.36151625671188553,False
727,7,0.025534770593849294,175,0.37644615066224263,0.36151625671188553,False
728,8,0.0252262494674947,175,0.37644615066224263,0.36151625671188553,False
729,9,0.02503761169870728,175,0.37644615066224263,0.36151625671188553,False
730,0,0.02998658344675766,52,0.37644615066224263,0.0,True
731,1,0.029304574643279707,52,0.37644615066224263,0.0,True
732,2,0.029619918373628564,52,0.37644615066224263,0.0,True
733,3,0.029378008612140148,52,0.37644615066224263,0.0,True
734,4,0.029352789431684633,52,0.37644615066224263,0.0,True
735,5,0.028895856989242335,52,0.37644615066224263,0.0,True
736,6,0.029577776503092904,52,0.37644615066224263,0.0,True
737,7,0.030029066500798715,52,0.37644615066224263,0.0,True
738,8,0.030041353300108462,52,0.37644615066224263,0.0,True
739,9,0.03004988628192594,52,0.37644615066224263,0.0,True
740,0,0.02914701179292451,138,0.37644615066224263,0.17152053133394382,True
741,1,0.028630330675988844,138,0.37644615066224263,0.17152053133394382,True
742,2,0.028298420707156505,138,0.37644615066224263,0.17152053133394382,True
743,3,0.027834627046408312,138,0.37644615066224263,0.17152053133394382,True
744,4,0.02861408977063552,138,0.37644615066224263,0.17152053133394382,True
745,5,0.027574918956242058,138,0.37644615066224263,0.17152053133394382,True
746,6,0.028852683849421613,138,0.37644615066224263,0.17152053133394382,True
747,7,0.029014663032760707,138,0.37644615066224263,0.17152053133394382,True
748,8,0.028545658477565242,138,0.37644615066224263,0.17152053133394382,True
749,9,0.02842479481648323,138,0.37644615066224263,0.17152053133394382,True
750,0,0.02578867362122416,54,0.37644615066224263,0.4864295859766841,False
751,1,0.024943268928646505,54,0.37644615066224263,0.4864295859766841,False
752,2,0.02539410870534734,54,0.37644615066224263,0.4864295859766841,False
753,3,0.02543430050408297,54,0.37644615066224263,0.4864295859766841,False
754,4,0.02529049041219275,54,0.37644615066224263,0.4864295859766841,False
755,5,0.02471118015865104,54,0.37644615066224263,0.4864295859766841,False
756,6,0.025112646309946106,54,0.37644615066224263,0.4864295859766841,False
757,7,0.025946271685129085,54,0.37644615066224263,0.4864295859766841,False
758,8,0.025915786548082312,54,0.37644615066224263,0.4864295859766841,False
759,9,0.025223773571159364,54,0.37644615066224263,0.4864295859766841,False
760,0,0.0004317092284311948,5,0.3731970793294856,1.35,True
761,1,0.0005298702590555765,5,0.3731970793294856,1.35,True
762,2,0.0004232267699323494,5,0.3731970793294856,1.35,True
763,3,0.0005598048629736317,5,0.3731970793294856,1.35,True
764,4,0.0005021214060537104,5,0.3731970793294856,1.35,True
765,5,0.00043430665025995723,5,0.3731970793294856,1.35,True
766,6,0.00047774001523248616,5,0.3731970793294856,1.35,True
767,7,0.0006612450876584879,5,0.3731970793294856,1.35,True
768,8,0.000587838447760626,5,0.3731970793294856,1.35,True
769,9,0.00040151349570627127,5,0.3731970793294856,1.35,True
770,0,0.02646850778421844,228,0.26770736509111726,0.3810000359165983,True
771,1,0.025800455995920134,228,0.26770736509111726,0.3810000359165983,True
772,2,0.025699497019491112,228,0.26770736509111726,0.3810000359165983,True
773,3,0.02543767866406196,228,0.26770736509111726,0.3810000359165983,True
774,4,0.026131708897263947,228,0.26770736509111726,0.3810000359165983,True
775,5,0.025341571528342034,228,0.26770736509111726,0.3810000359165983,True
776,6,0.025841248330959292,228,0.26770736509111726,0.3810000359165983,True
777,7,0.026254029979725573,228,0.26770736509111726,0.3810000359165983,True
778,8,0.026036833536833667,228,0.26770736509111726,0.3810000359165983,True
779,9,0.02588059047872463,228,0.26770736509111726,0.3810000359165983,True
780,0,0.03035997052562143,94,0.2651626829923486,0.1330943623991765,True
781,1,0.029580236650514354,94,0.2651626829923486,0.1330943623991765,True
782,2,0.02927756028542546,94,0.2651626829923486,0.1330943623991765,True
783,3,0.029016226205061252,94,0.2651626829923486,0.1330943623991765,True
784,4,0.029430594072704822,94,0.2651626829923486,0.1330943623991765,True
785,5,0.028640507784476795,94,0.2651626829923486,0.1330943623991765,True
786,6,0.029762920526572565,94,0.2651626829923486,0.1330943623991765,True
787,7,0.03002222918615396,94,0.2651626829923486,0.1330943623991765,True
788,8,0.029473429366425576,94,0.2651626829923486,0.1330943623991765,True
789,9,0.029982447345997813,94,0.2651626829923486,0.1330943623991765,True
790,0,0.025235001856029258,32,0.2651626829923486,0.3790643160735917,False
791,1,0.02513178961030356,32,0.2651626829923486,0.3790643160735917,False
792,2,0.025005602194709906,32,0.2651626829923486,0.3790643160735917,False
793,3,0.025428025089046277,32,0.2651626829923486,0.3790643160735917,False
794,4,0.025375255793374293,32,0.2651626829923486,0.3790643160735917,False
795,5,0.024594717863200395,32,0.2651626829923486,0.3790643160735917,False
796,6,0.025217473223646713,32,0.2651626829923486,0.3790643160735917,False
797,7,0.025601347362490152,32,0.2651626829923486,0.3790643160735917,False
798,8,0.025296528302364927,32,0.2651626829923486,0.3790643160735917,False
799,9,0.02550469522605826,32,0.2651626829923486,0.3790643160735917,False
800,0,0.026907728378845794,181,0.37468969790052964,0.41320417540773646,True
801,1,0.026129426736708303,181,0.37468969790052964,0.41320417540773646,True
802,2,0.025843579814197156,181,0.37468969790052964,0.41320417540773646,True
803,3,0.02587244036384796,181,0.37468969790052964,0.41320417540773646,True
804,4,0.02657313517741596,181,0.37468969790052964,0.41320417540773646,True
805,5,0.025558461570134812,181,0.37468969790052964,0.41320417540773646,True
806,6,0.026039641112417793,181,0.37468969790052964,0.41320417540773646,True
807,7,0.02688082734672634,181,0.37468969790052964,0.41320417540773646,True
808,8,0.026556990350764694,181,0.37468969790052964,0.41320417540773646,True
809,9,0.02628799181483284,181,0.37468969790052964,0.41320417540773646,True
810,0,0.02731845019972156,242,0.2655842011397939,0.15043766918399284,True
811,1,0.027167575342747052,242,0.2655842011397939,0.15043766918399284,True
812,2,0.026712905383760217,242,0.2655842011397939,0.15043766918399284,True
813,3,0.026571230690879164,242,0.2655842011397939,0.15043766918399284,True
814,4,0.027292805391610955,242,0.2655842011397939,0.15043766918399284,True
815,5,0.02606632522974942,242,0.2655842011397939,0.15043766918399284,True
816,6,0.027226986357683093,242,0.2655842011397939,0.15043766918399284,True
817,7,0.02713070983038098,242,0.2655842011397939,0.15043766918399284,True
818,8,0.02719258008168527,242,0.2655842011397939,0.15043766918399284,True
819,9,0.026942270655351874,242,0.2655842011397939,0.15043766918399284,True
820,0,0.025567294543908575,223,0.3630376812929332,0.44722169693167513,False
821,1,0.02533257465591099,223,0.3630376812929332,0.44722169693167513,False
822,2,0.02509879020860429,223,0.3630376812929332,0.44722169693167513,False
823,3,0.025324937994799956,223,0.3630376812929332,0.44722169693167513,False
824,4,0.025181477004274467,223,0.3630376812929332,0.44722169693167513,False
825,5,0.02487647458464586,223,0.3630376812929332,0.44722169693167513,False
826,6,0.02552264478032406,223,0.3630376812929332,0.44722169693167513,False
827,7,0.025791664490438085,223,0.3630376812929332,0.44722169693167513,False
828,8,0.02555500523399367,223,0.3630376812929332,0.44722169693167513,False
829,9,0.02506146002603804,223,0.3630376812929332,0.44722169693167513,False
830,0,0.023104308050090585,146,0.27112166557238077,0.27418249129302463,False
831,1,0.022675190537768942,146,0.27112166557238077,0.27418249129302463,False
832,2,0.02271324065175479,146,0.27112166557238077,0.27418249129302463,False
833,3,0.022750756439789906,146,0.27112166557238077,0.27418249129302463,False
834,4,0.02328663079633718,146,0.27112166557238077,0.27418249129302463,False
835,5,0.022410285707951103,146,0.27112166557238077,0.27418249129302463,False
836,6,0.02318805906890631,146,0.27112166557238077,0.27418249129302463,False
837,7,0.023325886674675216,146,0.27112166557238077,0.27418249129302463,False
838,8,0.023037826491133947,146,0.27112166557238077,0.27418249129302463,False
839,9,0.022964078234233878,146,0.27112166557238077,0.27418249129302463,False
840,0,0.028423624396790588,53,0.31438957772701676,0.414809656799405,True
841,1,0.02783096019667202,53,0.31438957772701676,0.414809656799405,True
842,2,0.02750487983743834,53,0.31438957772701676,0.414809656799405,True
843,3,0.027611987777131405,53,0.31438957772701676,0.414809656799405,True
844,4,0.02766468747777874,53,0.31438957772701676,0.414809656799405,True
845,5,0.027145992788016306,53,0.31438957772701676,0.414809656799405,True
846,6,0.02747877649353265,53,0.31438957772701676,0.414809656799405,True
847,7,0.028082706975169083,53,0.31438957772701676,0.414809656799405,True
848,8,0.028243179575864533,53,0.31438957772701676,0.414809656799405,True
849,9,0.027744949206982828,53,0.31438957772701676,0.414809656799405,True
850,0,0.00039094003915111247,180,0.2671252911038914,1.342688189573324,False
851,1,0.00048788642417409915,180,0.2671252911038914,1.342688189573324,False
852,2,0.0004696774831816379,180,0.2671252911038914,1.342688189573324,False
853,3,0.0005254556377035761,180,0.2671252911038914,1.342688189573324,False
854,4,0.0005231260913192217,180,0.2671252911038914,1.342688189573324,False
855,5,0.00032361679248838767,180,0.2671252911038914,1.342688189573324,False
856,6,0.0005188087749320428,180,0.2671252911038914,1.342688189573324,False
857,7,0.0005450780039472826,180,0.2671252911038914,1.342688189573324,False
858,8,0.0005028949289649674,180,0.2671252911038914,1.342688189573324,False
859,9,0.00037958554671785555,180,0.2671252911038914,1.342688189573324,False
860,0,0.03073759712426542,51,0.2651626829923486,0.1791300503118128,True
861,1,0.0301716655693083,51,0.2651626829923486,0.1791300503118128,True
862,2,0.029535881527126256,51,0.2651626829923486,0.1791300503118128,True
863,3,0.029565526054798095,51,0.2651626829923486,0.1791300503118128,True
864,4,0.029813553295883106,51,0.2651626829923486,0.1791300503118128,True
865,5,0.02928243611123009,51,0.2651626829923486,0.1791300503118128,True
866,6,0.029960743683138953,51,0.2651626829923486,0.1791300503118128,True
867,7,0.030439582354030752,51,0.2651626829923486,0.1791300503118128,True
868,8,0.030263841577071376,51,0.2651626829923486,0.1791300503118128,True
869,9,0.030596235900067714,51,0.2651626829923486,0.1791300503118128,True
870,0,0.030271142869833907,51,0.37644615066224263,0.25349397324803524,True
871,1,0.029758956104077194,51,0.37644615066224263,0.25349397324803524,True
872,2,0.029251304168943896,51,0.37644615066224263,0.25349397324803524,True
873,3,0.02913681508496268,51,0.37644615066224263,0.25349397324803524,True
874,4,0.029412662858407275,51,0.37644615066224263,0.25349397324803524,True
875,5,0.028723859725805392,51,0.37644615066224263,0.25349397324803524,True
876,6,0.029586201374747927,51,0.37644615066224263,0.25349397324803524,True
877,7,0.030106868652336975,51,0.37644615066224263,0.25349397324803524,True
878,8,0.029650906090595015,51,0.37644615066224263,0.25349397324803524,True
879,9,0.029991154380996924,51,0.37644615066224263,0.25349397324803524,True
880,0,0.022928865696455185,5,0.2651626829923486,0.0,False
881,1,0.0223939706855255,5,0.2651626829923486,0.0,False
882,2,0.02234403364300482,5,0.2651626829923486,0.0,False
883,3,0.022903889180585404,5,0.2651626829923486,0.0,False
884,4,0.022652760988251183,5,0.2651626829923486,0.0,False
885,5,0.021856301934122968,5,0.2651626829923486,0.0,False
886,6,0.022648755748033045,5,0.2651626829923486,0.0,False
887,7,0.023112319511511877,5,0.2651626829923486,0.0,False
888,8,0.022994818267191876,5,0.2651626829923486,0.0,False
889,9,0.022764414320241524,5,0.2651626829923486,0.0,False
890,0,0.022265886499846173,85,0.2659292329401365,0.5889635175196378,False
891,1,0.02117339213280726,85,0.2659292329401365,0.5889635175196378,False
892,2,0.021533646930609728,85,0.2659292329401365,0.5889635175196378,False
893,3,0.021657903948308223,85,0.2659292329401365,0.5889635175196378,False
894,4,0.021391184115922838,85,0.2659292329401365,0.5889635175196378,False
895,5,0.02070825989113931,85,0.2659292329401365,0.5889635175196378,False
896,6,0.02115591629143127,85,0.2659292329401365,0.5889635175196378,False
897,7,0.02188921571885981,85,0.2659292329401365,0.5889635175196378,False
898,8,0.021693212753524115,85,0.2659292329401365,0.5889635175196378,False
899,9,0.021136408631170212,85,0.2659292329401365,0.5889635175196378,False
900,0,0.029057755822697057,181,0.2651626829923486,0.0,True
901,1,0.028621030759198578,181,0.2651626829923486,0.0,True
902,2,0.028391624424469804,181,0.2651626829923486,0.0,True
903,3,0.02810579829428569,181,0.2651626829923486,0.0,True
904,4,0.02836107753205837,181,0.2651626829923486,0.0,True
905,5,0.027908718677201304,181,0.2651626829923486,0.0,True
906,6,0.0285085109128977,181,0.2651626829923486,0.0,True
907,7,0.02931614191859498,181,0.2651626829923486,0.0,True
908,8,0.028616547021216455,181,0.2651626829923486,0.0,True
909,9,0.02909407240578681,181,0.2651626829923486,0.0,True
910,0,0.029617884031486012,32,0.28791952458641307,0.36226534142628575,True
911,1,0.0287071141995047,32,0.28791952458641307,0.36226534142628575,True
912,2,0.028511241292454293,32,0.28791952458641307,0.36226534142628575,True
913,3,0.02841197311347324,32,0.28791952458641307,0.36226534142628575,True
914,4,0.02859757282704045,32,0.28791952458641307,0.36226534142628575,True
915,5,0.027928126420344503,32,0.28791952458641307,0.36226534142628575,True
916,6,0.028863076516158354,32,0.28791952458641307,0.36226534142628575,True
917,7,0.02940973557635248,32,0.28791952458641307,0.36226534142628575,True
918,8,0.029308851546205855,32,0.28791952458641307,0.36226534142628575,True
919,9,0.028991124288470376,32,0.28791952458641307,0.36226534142628575,True
920,0,0.011337780664934289,6,0.37564137919234897,0.7057992345087257,True
921,1,0.01089373147713935,6,0.37564137919234897,0.7057992345087257,True
922,2,0.011212531642389095,6,0.37564137919234897,0.7057992345087257,True
923,3,0.011009734776994094,6,0.37564137919234897,0.7057992345087257,True
924,4,0.01199515671541548,6,0.37564137919234897,0.7057992345087257,True
925,5,0.011405129313689543,6,0.37564137919234897,0.7057992345087257,True
926,6,0.011249689295513364,6,0.37564137919234897,0.7057992345087257,True
927,7,0.011636436872751477,6,0.37564137919234897,0.7057992345087257,True
928,8,0.011602429491534486,6,0.37564137919234897,0.7057992345087257,True
929,9,0.011237448248773256,6,0.37564137919234897,0.7057992345087257,True
930,0,0.0302021604497622,53,0.2998412333271259,0.2553166691600956,True
931,1,0.02950300313102475,53,0.2998412333271259,0.2553166691600956,True
932,2,0.02909094085464298,53,0.2998412333271259,0.2553166691600956,True
933,3,0.0290658500743434,53,0.2998412333271259,0.2553166691600956,True
934,4,0.029507486153578972,53,0.2998412333271259,0.2553166691600956,True
935,5,0.028631678884597358,53,0.2998412333271259,0.2553166691600956,True
936,6,0.02960267269592719,53,0.2998412333271259,0.2553166691600956,True
937,7,0.029960372855227985,53,0.2998412333271259,0.2553166691600956,True
938,8,0.02970810785985898,53,0.2998412333271259,0.2553166691600956,True
939,9,0.029720598809603236,53,0.2998412333271259,0.2553166691600956,True
940,0,0.027378533197541882,88,0.37533039219680125,0.45048398415510976,True
941,1,0.026656806228575927,88,0.37533039219680125,0.45048398415510976,True
942,2,0.02622532207712268,88,0.37533039219680125,0.45048398415510976,True
943,3,0.026507908915031245,88,0.37533039219680125,0.45048398415510976,True
944,4,0.027015450314853064,88,0.37533039219680125,0.45048398415510976,True
945,5,0.026288085023493682,88,0.37533039219680125,0.45048398415510976,True
946,6,0.026568563716726754,88,0.37533039219680125,0.45048398415510976,True
947,7,0.026931485992209975,88,0.37533039219680125,0.45048398415510976,True
948,8,0.027016006043243466,88,0.37533039219680125,0.45048398415510976,True
949,9,0.02669426864073642,88,0.37533039219680125,0.45048398415510976,True
950,0,0.028989804529980557,175,0.3032020418766998,0.08233853584371237,True
951,1,0.028612701886351732,175,0.3032020418766998,0.08233853584371237,True
952,2,0.028095143874724542,175,0.3032020418766998,0.08233853584371237,True
953,3,0.027974022462201896,175,0.3032020418766998,0.08233853584371237,True
954,4,0.02841836339646213,175,0.3032020418766998,0.08233853584371237,True
955,5,0.027633209491186226,175,0.3032020418766998,0.08233853584371237,True
956,6,0.02846117229599468,175,0.3032020418766998,0.08233853584371237,True
957,7,0.02900445454214542,175,0.3032020418766998,0.08233853584371237,True
958,8,0.028634078128241654,175,0.3032020418766998,0.08233853584371237,True
959,9,0.0286181274212607,175,0.3032020418766998,0.08233853584371237,True
960,0,0.029944430167296657,103,0.2651626829923486,0.0,True
961,1,0.029322637639558186,103,0.2651626829923486,0.0,True
962,2,0.028993120332158784,103,0.2651626829923486,0.0,True
963,3,0.029085314898119264,103,0.2651626829923486,0.0,True
964,4,0.029014130855594577,103,0.2651626829923486,0.0,True
965,5,0.028738548164618318,103,0.2651626829923486,0.0,True
966,6,0.0288419725114165,103,0.2651626829923486,0.0,True
967,7,0.029572810278763236,103,0.2651626829923486,0.0,True
968,8,0.029789650470584555,103,0.2651626829923486,0.0,True
969,9,0.029556040203615713,103,0.2651626829923486,0.0,True
970,0,0.027456815593183866,55,0.2651626829923486,0.4525292167993124,True
971,1,0.02689350805808591,55,0.2651626829923486,0.4525292167993124,True
972,2,0.026674117938957798,55,0.2651626829923486,0.4525292167993124,True
973,3,0.026746824056598666,55,0.2651626829923486,0.4525292167993124,True
974,4,0.027198381094598184,55,0.2651626829923486,0.4525292167993124,True
975,5,0.02652060974045424,55,0.2651626829923486,0.4525292167993124,True
976,6,0.02683165473242778,55,0.2651626829923486,0.4525292167993124,True
977,7,0.02740563872705669,55,0.2651626829923486,0.4525292167993124,True
978,8,0.02755806090436451,55,0.2651626829923486,0.4525292167993124,True
979,9,0.02701231101101391,55,0.2651626829923486,0.4525292167993124,True
980,0,0.03006441769858747,40,0.2651626829923486,0.0,True
981,1,0.029063822850006273,40,0.2651626829923486,0.0,True
982,2,0.029293373628306568,40,0.2651626829923486,0.0,True
983,3,0.029347392312774518,40,0.2651626829923486,0.0,True
984,4,0.029526444491850434,40,0.2651626829923486,0.0,True
985,5,0.028892277919515475,40,0.2651626829923486,0.0,True
986,6,0.029689610201304877,40,0.2651626829923486,0.0,True
987,7,0.029955810688685486,40,0.2651626829923486,0.0,True
988,8,0.029968497059936948,40,0.2651626829923486,0.0,True
989,9,0.0300640654053148,40,0.2651626829923486,0.0,True
990,0,0.022289812620364315,198,0.2672660545213569,0.25541860602418653,False
991,1,0.02173157661220929,198,0.2672660545213569,0.25541860602418653,False
992,2,0.02189510037625391,198,0.2672660545213569,0.25541860602418653,False
993,3,0.02184382888614538,198,0.2672660545213569,0.25541860602418653,False
994,4,0.02254566356159194,198,0.2672660545213569,0.25541860602418653,False
995,5,0.02161026464528413,198,0.2672660545213569,0.25541860602418653,False
996,6,0.02220596998753998,198,0.2672660545213569,0.25541860602418653,False
997,7,0.022561128283533356,198,0.2672660545213569,0.25541860602418653,False
998,8,0.0222274403791914,198,0.2672660545213569,0.25541860602418653,False
999,9,0.02208892816755515,198,0.2672660545213569,0.25541860602418653,False
