,Fold,MAP,topK,l1_ratio,alpha
0,0,0.02393024899346109,470,0.0028783368048579086,0.0672660788479978
1,1,0.023632075397220217,470,0.0028783368048579086,0.0672660788479978
2,2,0.023680445631622964,470,0.0028783368048579086,0.0672660788479978
3,3,0.02339319565000503,470,0.0028783368048579086,0.0672660788479978
4,4,0.024120527050410616,470,0.0028783368048579086,0.0672660788479978
5,5,0.02460668030964176,470,0.0028783368048579086,0.0672660788479978
6,6,0.023962049983450754,470,0.0028783368048579086,0.0672660788479978
7,7,0.02418278596611268,470,0.0028783368048579086,0.0672660788479978
8,0,4.8621620678386624e-05,784,0.40784386265824196,0.7854146757262189
9,1,2.844448233884223e-05,784,0.40784386265824196,0.7854146757262189
10,2,6.439972110727948e-05,784,0.40784386265824196,0.7854146757262189
11,3,4.340017958695001e-05,784,0.40784386265824196,0.7854146757262189
12,4,4.0371666300194716e-05,784,0.40784386265824196,0.7854146757262189
13,5,1.940008894839885e-05,784,0.40784386265824196,0.7854146757262189
14,6,2.0476713083716975e-05,784,0.40784386265824196,0.7854146757262189
15,7,4.754619202833133e-05,784,0.40784386265824196,0.7854146757262189
16,0,0.023071470609697668,38,1.646022494066345e-05,0.28747332437087847
17,1,0.022847377155046478,38,1.646022494066345e-05,0.28747332437087847
18,2,0.02285317774385846,38,1.646022494066345e-05,0.28747332437087847
19,3,0.022279190401758495,38,1.646022494066345e-05,0.28747332437087847
20,4,0.023233473708026982,38,1.646022494066345e-05,0.28747332437087847
21,5,0.023786673409018612,38,1.646022494066345e-05,0.28747332437087847
22,6,0.022775331024358313,38,1.646022494066345e-05,0.28747332437087847
23,7,0.023418602091272188,38,1.646022494066345e-05,0.28747332437087847
24,0,0.017966521674296985,936,2.1979785919684208e-05,0.61118543342141
25,1,0.01794815256916117,936,2.1979785919684208e-05,0.61118543342141
26,2,0.017704474218126764,936,2.1979785919684208e-05,0.61118543342141
27,3,0.017636772724321365,936,2.1979785919684208e-05,0.61118543342141
28,4,0.018354198334623966,936,2.1979785919684208e-05,0.61118543342141
29,5,0.018448139284962473,936,2.1979785919684208e-05,0.61118543342141
30,6,0.018228550524270352,936,2.1979785919684208e-05,0.61118543342141
31,7,0.017827561111586208,936,2.1979785919684208e-05,0.61118543342141
32,0,0.0141842196269539,715,0.013348165991927442,0.42360024031251614
33,1,0.014582806364364041,715,0.013348165991927442,0.42360024031251614
34,2,0.0146396418678274,715,0.013348165991927442,0.42360024031251614
35,3,0.014288834094281506,715,0.013348165991927442,0.42360024031251614
36,4,0.01430917247445047,715,0.013348165991927442,0.42360024031251614
37,5,0.015103639920421207,715,0.013348165991927442,0.42360024031251614
38,6,0.014921125854977964,715,0.013348165991927442,0.42360024031251614
39,7,0.014562933767932728,715,0.013348165991927442,0.42360024031251614
40,0,4.8621620678386624e-05,993,0.1384073727984184,0.30418813803328704
41,1,2.844448233884223e-05,993,0.1384073727984184,0.30418813803328704
42,2,6.439972110727948e-05,993,0.1384073727984184,0.30418813803328704
43,3,4.340017958695001e-05,993,0.1384073727984184,0.30418813803328704
44,4,4.0371666300194716e-05,993,0.1384073727984184,0.30418813803328704
45,5,1.940008894839885e-05,993,0.1384073727984184,0.30418813803328704
46,6,2.0476713083716975e-05,993,0.1384073727984184,0.30418813803328704
47,7,4.754619202833133e-05,993,0.1384073727984184,0.30418813803328704
48,0,0.02664877660705165,5,0.023734802990440826,0.001
49,1,0.026541954624616577,5,0.023734802990440826,0.001
50,2,0.026423208711000623,5,0.023734802990440826,0.001
51,3,0.025837656722870698,5,0.023734802990440826,0.001
52,4,0.026898312794970146,5,0.023734802990440826,0.001
53,5,0.026597965107537407,5,0.023734802990440826,0.001
54,6,0.026703542170468348,5,0.023734802990440826,0.001
55,7,0.0268617216726377,5,0.023734802990440826,0.001
56,0,0.018012367182864843,5,0.001870135993744068,1.0
57,1,0.01780510911218156,5,0.001870135993744068,1.0
58,2,0.01795811584098089,5,0.001870135993744068,1.0
59,3,0.017478517663342547,5,0.001870135993744068,1.0
60,4,0.017752140674244604,5,0.001870135993744068,1.0
61,5,0.018304603158776057,5,0.001870135993744068,1.0
62,6,0.018098132232373484,5,0.001870135993744068,1.0
63,7,0.018045157795706566,5,0.001870135993744068,1.0
64,0,0.02581478890443517,5,1.0,0.001
65,1,0.024736890512032306,5,1.0,0.001
66,2,0.024677942506642507,5,1.0,0.001
67,3,0.024589673908740062,5,1.0,0.001
68,4,0.025245356959621174,5,1.0,0.001
69,5,0.025608770280472388,5,1.0,0.001
70,6,0.02545673918242017,5,1.0,0.001
71,7,0.02586167178239616,5,1.0,0.001
72,0,0.028370287351398876,392,1.047051483311034e-05,0.021300291363394827
73,1,0.0272912216048595,392,1.047051483311034e-05,0.021300291363394827
74,2,0.02745968539770491,392,1.047051483311034e-05,0.021300291363394827
75,3,0.0266855874346147,392,1.047051483311034e-05,0.021300291363394827
76,4,0.027529947132436713,392,1.047051483311034e-05,0.021300291363394827
77,5,0.028486662488307994,392,1.047051483311034e-05,0.021300291363394827
78,6,0.027846560054731392,392,1.047051483311034e-05,0.021300291363394827
79,7,0.02836917511633146,392,1.047051483311034e-05,0.021300291363394827
80,0,0.0174242716274997,422,1.0807099873036797e-05,0.9927160654997254
81,1,0.01758483608304555,422,1.0807099873036797e-05,0.9927160654997254
82,2,0.01749985474337477,422,1.0807099873036797e-05,0.9927160654997254
83,3,0.017256587626237434,422,1.0807099873036797e-05,0.9927160654997254
84,4,0.01796974136639864,422,1.0807099873036797e-05,0.9927160654997254
85,5,0.01818219227731643,422,1.0807099873036797e-05,0.9927160654997254
86,6,0.017862404564739216,422,1.0807099873036797e-05,0.9927160654997254
87,7,0.01755374287678211,422,1.0807099873036797e-05,0.9927160654997254
88,0,0.029139663027580424,764,1e-05,0.001
89,1,0.028541034106537088,764,1e-05,0.001
90,2,0.02886011237366621,764,1e-05,0.001
91,3,0.028081175201797884,764,1e-05,0.001
92,4,0.02887344926594093,764,1e-05,0.001
93,5,0.029683999734104554,764,1e-05,0.001
94,6,0.02911022109465708,764,1e-05,0.001
95,7,0.02942450814557204,764,1e-05,0.001
96,0,4.8621620678386624e-05,6,0.5702680565631436,0.9680134588090052
97,1,2.844448233884223e-05,6,0.5702680565631436,0.9680134588090052
98,2,6.439972110727948e-05,6,0.5702680565631436,0.9680134588090052
99,3,4.340017958695001e-05,6,0.5702680565631436,0.9680134588090052
100,4,4.0371666300194716e-05,6,0.5702680565631436,0.9680134588090052
101,5,1.940008894839885e-05,6,0.5702680565631436,0.9680134588090052
102,6,2.0476713083716975e-05,6,0.5702680565631436,0.9680134588090052
103,7,4.754619202833133e-05,6,0.5702680565631436,0.9680134588090052
104,0,0.029208474915051092,1000,0.0001155372937292606,0.001
105,1,0.0285838942493674,1000,0.0001155372937292606,0.001
106,2,0.028946280959290662,1000,0.0001155372937292606,0.001
107,3,0.028172960128213118,1000,0.0001155372937292606,0.001
108,4,0.028650040789922542,1000,0.0001155372937292606,0.001
109,5,0.029706205179582536,1000,0.0001155372937292606,0.001
110,6,0.02914396095329968,1000,0.0001155372937292606,0.001
111,7,0.029456572524573114,1000,0.0001155372937292606,0.001
112,0,0.020097861917769945,65,0.00020706624730094657,1.0
113,1,0.020002617081847168,65,0.00020706624730094657,1.0
114,2,0.019708933203937143,65,0.00020706624730094657,1.0
115,3,0.019446036021911507,65,0.00020706624730094657,1.0
116,4,0.02012889456123748,65,0.00020706624730094657,1.0
117,5,0.02068685732012084,65,0.00020706624730094657,1.0
118,6,0.02029033619500552,65,0.00020706624730094657,1.0
119,7,0.020256503153379946,65,0.00020706624730094657,1.0
120,0,0.018844233142654137,995,5.9322004682553186e-05,0.4297313590084005
121,1,0.018728871899567193,995,5.9322004682553186e-05,0.4297313590084005
122,2,0.018603153403559045,995,5.9322004682553186e-05,0.4297313590084005
123,3,0.01852457601484837,995,5.9322004682553186e-05,0.4297313590084005
124,4,0.019170112299754953,995,5.9322004682553186e-05,0.4297313590084005
125,5,0.019259975436314053,995,5.9322004682553186e-05,0.4297313590084005
126,6,0.018956427993392925,995,5.9322004682553186e-05,0.4297313590084005
127,7,0.01866819980170599,995,5.9322004682553186e-05,0.4297313590084005
128,0,0.028313448438873314,17,0.00034274075889757224,0.02766103644143896
129,1,0.026811407476880548,17,0.00034274075889757224,0.02766103644143896
130,2,0.027081806175840738,17,0.00034274075889757224,0.02766103644143896
131,3,0.026675206548747457,17,0.00034274075889757224,0.02766103644143896
132,4,0.02748358444629292,17,0.00034274075889757224,0.02766103644143896
133,5,0.02799993115204013,17,0.00034274075889757224,0.02766103644143896
134,6,0.027569827492006663,17,0.00034274075889757224,0.02766103644143896
135,7,0.028271512988884938,17,0.00034274075889757224,0.02766103644143896
136,0,0.018717535351804808,228,1e-05,0.8041204984854686
137,1,0.018870087741320176,228,1e-05,0.8041204984854686
138,2,0.018696965628356595,228,1e-05,0.8041204984854686
139,3,0.018446889614204768,228,1e-05,0.8041204984854686
140,4,0.019158385197082257,228,1e-05,0.8041204984854686
141,5,0.019544099888102278,228,1e-05,0.8041204984854686
142,6,0.019063111193461425,228,1e-05,0.8041204984854686
143,7,0.018990680819657012,228,1e-05,0.8041204984854686
144,0,0.029359539038481822,1000,0.0011921329583009146,0.001
145,1,0.02867611184531525,1000,0.0011921329583009146,0.001
146,2,0.028967033027430915,1000,0.0011921329583009146,0.001
147,3,0.028252479614347438,1000,0.0011921329583009146,0.001
148,4,0.028687524497853983,1000,0.0011921329583009146,0.001
149,5,0.029807625346811896,1000,0.0011921329583009146,0.001
150,6,0.02923192926111235,1000,0.0011921329583009146,0.001
151,7,0.029553597165600912,1000,0.0011921329583009146,0.001
152,0,4.8621620678386624e-05,996,0.9975969105883172,0.5492559240011272
153,1,2.844448233884223e-05,996,0.9975969105883172,0.5492559240011272
154,2,6.439972110727948e-05,996,0.9975969105883172,0.5492559240011272
155,3,4.340017958695001e-05,996,0.9975969105883172,0.5492559240011272
156,4,4.0371666300194716e-05,996,0.9975969105883172,0.5492559240011272
157,5,1.940008894839885e-05,996,0.9975969105883172,0.5492559240011272
158,6,2.0476713083716975e-05,996,0.9975969105883172,0.5492559240011272
159,7,4.754619202833133e-05,996,0.9975969105883172,0.5492559240011272
160,0,0.020698953643686784,22,0.0010651056678770835,0.5709107647450155
161,1,0.02071155415977852,22,0.0010651056678770835,0.5709107647450155
162,2,0.02057602888800951,22,0.0010651056678770835,0.5709107647450155
163,3,0.02019389531062689,22,0.0010651056678770835,0.5709107647450155
164,4,0.021037780868889053,22,0.0010651056678770835,0.5709107647450155
165,5,0.021592726331733217,22,0.0010651056678770835,0.5709107647450155
166,6,0.02077777856960743,22,0.0010651056678770835,0.5709107647450155
167,7,0.021129911021150256,22,0.0010651056678770835,0.5709107647450155
168,0,0.01750882010476248,362,0.0002639121394728665,0.8430560981953935
169,1,0.017619300248366183,362,0.0002639121394728665,0.8430560981953935
170,2,0.01735811568394669,362,0.0002639121394728665,0.8430560981953935
171,3,0.01726869865974923,362,0.0002639121394728665,0.8430560981953935
172,4,0.018001086669024807,362,0.0002639121394728665,0.8430560981953935
173,5,0.018258039779876487,362,0.0002639121394728665,0.8430560981953935
174,6,0.017992957467665636,362,0.0002639121394728665,0.8430560981953935
175,7,0.01759506466725576,362,0.0002639121394728665,0.8430560981953935
176,0,0.02149298516128421,993,8.723549291353668e-05,0.17783463275494016
177,1,0.02130074888803632,993,8.723549291353668e-05,0.17783463275494016
178,2,0.021401914874906555,993,8.723549291353668e-05,0.17783463275494016
179,3,0.02101549768864944,993,8.723549291353668e-05,0.17783463275494016
180,4,0.021791414518025683,993,8.723549291353668e-05,0.17783463275494016
181,5,0.022131081767635778,993,8.723549291353668e-05,0.17783463275494016
182,6,0.02145126526449493,993,8.723549291353668e-05,0.17783463275494016
183,7,0.021595557234401805,993,8.723549291353668e-05,0.17783463275494016
184,0,0.03007126279787707,928,0.11602079411205511,0.0023752588452385934
185,1,0.02891777152520231,928,0.11602079411205511,0.0023752588452385934
186,2,0.02878586660887833,928,0.11602079411205511,0.0023752588452385934
187,3,0.028551925808735355,928,0.11602079411205511,0.0023752588452385934
188,4,0.029057047733769457,928,0.11602079411205511,0.0023752588452385934
189,5,0.029797923323948004,928,0.11602079411205511,0.0023752588452385934
190,6,0.029689036644289832,928,0.11602079411205511,0.0023752588452385934
191,7,0.029653001491955933,928,0.11602079411205511,0.0023752588452385934
192,0,0.02221085602606692,20,1.092951591455788e-05,0.5378235240990632
193,1,0.021996884764715244,20,1.092951591455788e-05,0.5378235240990632
194,2,0.021979180407158207,20,1.092951591455788e-05,0.5378235240990632
195,3,0.021348398683029145,20,1.092951591455788e-05,0.5378235240990632
196,4,0.02229964340685081,20,1.092951591455788e-05,0.5378235240990632
197,5,0.023120300335376633,20,1.092951591455788e-05,0.5378235240990632
198,6,0.022176264433073814,20,1.092951591455788e-05,0.5378235240990632
199,7,0.022580006525326848,20,1.092951591455788e-05,0.5378235240990632
200,0,0.026534206460250925,1000,1.0,0.001
201,1,0.025069642797932837,1000,1.0,0.001
202,2,0.025479370418527526,1000,1.0,0.001
203,3,0.025133613324274863,1000,1.0,0.001
204,4,0.025687999318043542,1000,1.0,0.001
205,5,0.026250219601251627,1000,1.0,0.001
206,6,0.025803655560464944,1000,1.0,0.001
207,7,0.02629956555894496,1000,1.0,0.001
208,0,4.8621620678386624e-05,633,0.97955759747087,0.1427209060075042
209,1,2.844448233884223e-05,633,0.97955759747087,0.1427209060075042
210,2,6.439972110727948e-05,633,0.97955759747087,0.1427209060075042
211,3,4.340017958695001e-05,633,0.97955759747087,0.1427209060075042
212,4,4.0371666300194716e-05,633,0.97955759747087,0.1427209060075042
213,5,1.940008894839885e-05,633,0.97955759747087,0.1427209060075042
214,6,2.0476713083716975e-05,633,0.97955759747087,0.1427209060075042
215,7,4.754619202833133e-05,633,0.97955759747087,0.1427209060075042
216,0,0.022510335068799986,22,0.0003765016019964212,0.3662205545564139
217,1,0.022278854610248255,22,0.0003765016019964212,0.3662205545564139
218,2,0.022272096280802255,22,0.0003765016019964212,0.3662205545564139
219,3,0.02157175005424038,22,0.0003765016019964212,0.3662205545564139
220,4,0.022480461467863613,22,0.0003765016019964212,0.3662205545564139
221,5,0.02336754760401189,22,0.0003765016019964212,0.3662205545564139
222,6,0.022389432875814238,22,0.0003765016019964212,0.3662205545564139
223,7,0.022680891720754045,22,0.0003765016019964212,0.3662205545564139
224,0,0.02986673472107235,1000,0.0001599888360007476,0.00953758236529579
225,1,0.02877128994109018,1000,0.0001599888360007476,0.00953758236529579
226,2,0.028760462402874536,1000,0.0001599888360007476,0.00953758236529579
227,3,0.027946346419109168,1000,0.0001599888360007476,0.00953758236529579
228,4,0.02869602107054442,1000,0.0001599888360007476,0.00953758236529579
229,5,0.029830740851530767,1000,0.0001599888360007476,0.00953758236529579
230,6,0.02935482517194602,1000,0.0001599888360007476,0.00953758236529579
231,7,0.029728612924581933,1000,0.0001599888360007476,0.00953758236529579
232,0,0.030631236337562737,1000,0.032488735395802694,0.001
233,1,0.02989049308506213,1000,0.032488735395802694,0.001
234,2,0.02988302130639908,1000,0.032488735395802694,0.001
235,3,0.02944575888155681,1000,0.032488735395802694,0.001
236,4,0.029726611918942884,1000,0.032488735395802694,0.001
237,5,0.030845365899209966,1000,0.032488735395802694,0.001
238,6,0.03045016303771199,1000,0.032488735395802694,0.001
239,7,0.030539598597371664,1000,0.032488735395802694,0.001
240,0,0.02363790455885201,992,1.036686981127206e-05,0.0935712876763322
241,1,0.023157902008245232,992,1.036686981127206e-05,0.0935712876763322
242,2,0.023316668079974373,992,1.036686981127206e-05,0.0935712876763322
243,3,0.023121067576320552,992,1.036686981127206e-05,0.0935712876763322
244,4,0.023616134166977363,992,1.036686981127206e-05,0.0935712876763322
245,5,0.02416151889678672,992,1.036686981127206e-05,0.0935712876763322
246,6,0.02344761017912766,992,1.036686981127206e-05,0.0935712876763322
247,7,0.02364913856183065,992,1.036686981127206e-05,0.0935712876763322
248,0,0.021742046042215916,11,0.00013180516971111612,0.703815383592478
249,1,0.021263209750228513,11,0.00013180516971111612,0.703815383592478
250,2,0.021247793669637787,11,0.00013180516971111612,0.703815383592478
251,3,0.020971254210553947,11,0.00013180516971111612,0.703815383592478
252,4,0.021385088734014627,11,0.00013180516971111612,0.703815383592478
253,5,0.02207668000892647,11,0.00013180516971111612,0.703815383592478
254,6,0.0215971915388258,11,0.00013180516971111612,0.703815383592478
255,7,0.02222970179889952,11,0.00013180516971111612,0.703815383592478
256,0,0.01609078997046209,975,0.0018427131737339907,0.9992088565496302
257,1,0.016088469208433372,975,0.0018427131737339907,0.9992088565496302
258,2,0.016119410368025302,975,0.0018427131737339907,0.9992088565496302
259,3,0.01581766698498212,975,0.0018427131737339907,0.9992088565496302
260,4,0.016265682609790194,975,0.0018427131737339907,0.9992088565496302
261,5,0.01658439731128933,975,0.0018427131737339907,0.9992088565496302
262,6,0.01668543302784549,975,0.0018427131737339907,0.9992088565496302
263,7,0.015982699172930607,975,0.0018427131737339907,0.9992088565496302
264,0,0.019222676711433465,997,1.0089093458590338e-05,0.37369929500372756
265,1,0.019203278181195223,997,1.0089093458590338e-05,0.37369929500372756
266,2,0.01908781194841744,997,1.0089093458590338e-05,0.37369929500372756
267,3,0.018805354826755608,997,1.0089093458590338e-05,0.37369929500372756
268,4,0.019576402233248285,997,1.0089093458590338e-05,0.37369929500372756
269,5,0.019688474851502137,997,1.0089093458590338e-05,0.37369929500372756
270,6,0.01931659168040492,997,1.0089093458590338e-05,0.37369929500372756
271,7,0.019057430795107848,997,1.0089093458590338e-05,0.37369929500372756
272,0,4.8621620678386624e-05,20,0.04827473526219865,0.5799706318504786
273,1,2.844448233884223e-05,20,0.04827473526219865,0.5799706318504786
274,2,6.439972110727948e-05,20,0.04827473526219865,0.5799706318504786
275,3,4.340017958695001e-05,20,0.04827473526219865,0.5799706318504786
276,4,4.0371666300194716e-05,20,0.04827473526219865,0.5799706318504786
277,5,1.940008894839885e-05,20,0.04827473526219865,0.5799706318504786
278,6,2.0476713083716975e-05,20,0.04827473526219865,0.5799706318504786
279,7,4.754619202833133e-05,20,0.04827473526219865,0.5799706318504786
280,0,0.017788985338955315,971,0.0010755143313409242,0.46411066263634176
281,1,0.017875336115413663,971,0.0010755143313409242,0.46411066263634176
282,2,0.01757993825415671,971,0.0010755143313409242,0.46411066263634176
283,3,0.017515931611262373,971,0.0010755143313409242,0.46411066263634176
284,4,0.018194846766920632,971,0.0010755143313409242,0.46411066263634176
285,5,0.01828301892764952,971,0.0010755143313409242,0.46411066263634176
286,6,0.018322805958992716,971,0.0010755143313409242,0.46411066263634176
287,7,0.01770421342886914,971,0.0010755143313409242,0.46411066263634176
288,0,0.02382518504770161,38,0.0005546952853873956,0.17418155963663862
289,1,0.023316505852316077,38,0.0005546952853873956,0.17418155963663862
290,2,0.023519202925861005,38,0.0005546952853873956,0.17418155963663862
291,3,0.022838119151348747,38,0.0005546952853873956,0.17418155963663862
292,4,0.023821924105250726,38,0.0005546952853873956,0.17418155963663862
293,5,0.0244886891506694,38,0.0005546952853873956,0.17418155963663862
294,6,0.023377070040494205,38,0.0005546952853873956,0.17418155963663862
295,7,0.024191520717912675,38,0.0005546952853873956,0.17418155963663862
296,0,0.021834379531011628,26,1.0330392644640017e-05,0.6752627469774938
297,1,0.021764702631608023,26,1.0330392644640017e-05,0.6752627469774938
298,2,0.021582994924654965,26,1.0330392644640017e-05,0.6752627469774938
299,3,0.021102705840060004,26,1.0330392644640017e-05,0.6752627469774938
300,4,0.02217090818124748,26,1.0330392644640017e-05,0.6752627469774938
301,5,0.022771320313946655,26,1.0330392644640017e-05,0.6752627469774938
302,6,0.02178707623260155,26,1.0330392644640017e-05,0.6752627469774938
303,7,0.02216528795380318,26,1.0330392644640017e-05,0.6752627469774938
304,0,0.02996218142130617,1000,0.011290355213959623,0.001
305,1,0.029273951233068172,1000,0.011290355213959623,0.001
306,2,0.029327622785032932,1000,0.011290355213959623,0.001
307,3,0.02883386465098543,1000,0.011290355213959623,0.001
308,4,0.02908138625188433,1000,0.011290355213959623,0.001
309,5,0.03033176011788053,1000,0.011290355213959623,0.001
310,6,0.02971371005417725,1000,0.011290355213959623,0.001
311,7,0.029858984836534423,1000,0.011290355213959623,0.001
312,0,0.02218263882940077,19,0.0001243783538463019,0.522427951464179
313,1,0.021837282245369374,19,0.0001243783538463019,0.522427951464179
314,2,0.02180476253289866,19,0.0001243783538463019,0.522427951464179
315,3,0.021263055290292755,19,0.0001243783538463019,0.522427951464179
316,4,0.02219463325717093,19,0.0001243783538463019,0.522427951464179
317,5,0.022989180582659446,19,0.0001243783538463019,0.522427951464179
318,6,0.022130472928138346,19,0.0001243783538463019,0.522427951464179
319,7,0.022578153459215145,19,0.0001243783538463019,0.522427951464179
320,0,0.024323524932659435,13,1.1218182191366587e-05,0.16855763391499412
321,1,0.023637972712875762,13,1.1218182191366587e-05,0.16855763391499412
322,2,0.02381209524437669,13,1.1218182191366587e-05,0.16855763391499412
323,3,0.023358374943978112,13,1.1218182191366587e-05,0.16855763391499412
324,4,0.023828628152057205,13,1.1218182191366587e-05,0.16855763391499412
325,5,0.024737447909000454,13,1.1218182191366587e-05,0.16855763391499412
326,6,0.02378672703575436,13,1.1218182191366587e-05,0.16855763391499412
327,7,0.024718563604514528,13,1.1218182191366587e-05,0.16855763391499412
328,0,4.8621620678386624e-05,957,0.03408612358521846,0.9948779164107976
329,1,2.844448233884223e-05,957,0.03408612358521846,0.9948779164107976
330,2,6.439972110727948e-05,957,0.03408612358521846,0.9948779164107976
331,3,4.340017958695001e-05,957,0.03408612358521846,0.9948779164107976
332,4,4.0371666300194716e-05,957,0.03408612358521846,0.9948779164107976
333,5,1.940008894839885e-05,957,0.03408612358521846,0.9948779164107976
334,6,2.0476713083716975e-05,957,0.03408612358521846,0.9948779164107976
335,7,4.754619202833133e-05,957,0.03408612358521846,0.9948779164107976
336,0,0.01689576333564941,994,0.0010013378277520784,0.6810772559423817
337,1,0.01697346129008322,994,0.0010013378277520784,0.6810772559423817
338,2,0.01668481981897103,994,0.0010013378277520784,0.6810772559423817
339,3,0.016638390432164734,994,0.0010013378277520784,0.6810772559423817
340,4,0.017244608878818856,994,0.0010013378277520784,0.6810772559423817
341,5,0.017322977650527795,994,0.0010013378277520784,0.6810772559423817
342,6,0.017402795000071258,994,0.0010013378277520784,0.6810772559423817
343,7,0.016810754435479972,994,0.0010013378277520784,0.6810772559423817
344,0,0.018019846822065474,979,0.022840652311148405,0.1251646284272257
345,1,0.017739074176704724,979,0.022840652311148405,0.1251646284272257
346,2,0.01787288160878387,979,0.022840652311148405,0.1251646284272257
347,3,0.017499513024804837,979,0.022840652311148405,0.1251646284272257
348,4,0.01810823988298385,979,0.022840652311148405,0.1251646284272257
349,5,0.018789585598589512,979,0.022840652311148405,0.1251646284272257
350,6,0.01846801166840076,979,0.022840652311148405,0.1251646284272257
351,7,0.01835037124674914,979,0.022840652311148405,0.1251646284272257
352,0,0.01711423146112327,66,0.002200899614370995,0.8112456715662643
353,1,0.01713284275877531,66,0.002200899614370995,0.8112456715662643
354,2,0.017167919799498783,66,0.002200899614370995,0.8112456715662643
355,3,0.01692093898319577,66,0.002200899614370995,0.8112456715662643
356,4,0.01746544806773671,66,0.002200899614370995,0.8112456715662643
357,5,0.01805170165250929,66,0.002200899614370995,0.8112456715662643
358,6,0.017894596396541906,66,0.002200899614370995,0.8112456715662643
359,7,0.017422891860129908,66,0.002200899614370995,0.8112456715662643
360,0,0.016783402180913638,973,3.8655335585925525e-05,0.9522520421980051
361,1,0.01698800721256704,973,3.8655335585925525e-05,0.9522520421980051
362,2,0.016637866596315387,973,3.8655335585925525e-05,0.9522520421980051
363,3,0.016617458417069318,973,3.8655335585925525e-05,0.9522520421980051
364,4,0.017300264815823946,973,3.8655335585925525e-05,0.9522520421980051
365,5,0.017344700368930148,973,3.8655335585925525e-05,0.9522520421980051
366,6,0.01724354619296256,973,3.8655335585925525e-05,0.9522520421980051
367,7,0.01681143943641442,973,3.8655335585925525e-05,0.9522520421980051
368,0,0.015466930159364628,8,0.01506627345333567,0.2928882074811983
369,1,0.015805899368268723,8,0.01506627345333567,0.2928882074811983
370,2,0.01583369843782386,8,0.01506627345333567,0.2928882074811983
371,3,0.01519537999109978,8,0.01506627345333567,0.2928882074811983
372,4,0.015517673508538726,8,0.01506627345333567,0.2928882074811983
373,5,0.015973201525101004,8,0.01506627345333567,0.2928882074811983
374,6,0.01587977017938108,8,0.01506627345333567,0.2928882074811983
375,7,0.015794240765553847,8,0.01506627345333567,0.2928882074811983
376,0,0.025340113392282197,18,7.285724078273084e-05,0.103854908397225
377,1,0.02470990259560842,18,7.285724078273084e-05,0.103854908397225
378,2,0.024734349187505104,18,7.285724078273084e-05,0.103854908397225
379,3,0.024358875380276195,18,7.285724078273084e-05,0.103854908397225
380,4,0.025027027306940997,18,7.285724078273084e-05,0.103854908397225
381,5,0.025747443524889006,18,7.285724078273084e-05,0.103854908397225
382,6,0.024805138657278833,18,7.285724078273084e-05,0.103854908397225
383,7,0.025696891442002184,18,7.285724078273084e-05,0.103854908397225
384,0,4.8621620678386624e-05,62,0.9847839231406316,0.38854856818755423
385,1,2.844448233884223e-05,62,0.9847839231406316,0.38854856818755423
386,2,6.439972110727948e-05,62,0.9847839231406316,0.38854856818755423
387,3,4.340017958695001e-05,62,0.9847839231406316,0.38854856818755423
388,4,4.0371666300194716e-05,62,0.9847839231406316,0.38854856818755423
389,5,1.940008894839885e-05,62,0.9847839231406316,0.38854856818755423
390,6,2.0476713083716975e-05,62,0.9847839231406316,0.38854856818755423
391,7,4.754619202833133e-05,62,0.9847839231406316,0.38854856818755423
392,0,4.8621620678386624e-05,28,0.9848633954478099,0.6760032926712791
393,1,2.844448233884223e-05,28,0.9848633954478099,0.6760032926712791
394,2,6.439972110727948e-05,28,0.9848633954478099,0.6760032926712791
395,3,4.340017958695001e-05,28,0.9848633954478099,0.6760032926712791
396,4,4.0371666300194716e-05,28,0.9848633954478099,0.6760032926712791
397,5,1.940008894839885e-05,28,0.9848633954478099,0.6760032926712791
398,6,2.0476713083716975e-05,28,0.9848633954478099,0.6760032926712791
399,7,4.754619202833133e-05,28,0.9848633954478099,0.6760032926712791
400,0,0.022726963028532072,10,1.1274948081212373e-05,0.39119091407095014
401,1,0.022038458076954023,10,1.1274948081212373e-05,0.39119091407095014
402,2,0.022235939158673647,10,1.1274948081212373e-05,0.39119091407095014
403,3,0.021965582335232266,10,1.1274948081212373e-05,0.39119091407095014
404,4,0.022271190045984258,10,1.1274948081212373e-05,0.39119091407095014
405,5,0.022888694215346915,10,1.1274948081212373e-05,0.39119091407095014
406,6,0.02221376548224799,10,1.1274948081212373e-05,0.39119091407095014
407,7,0.02314668839663848,10,1.1274948081212373e-05,0.39119091407095014
408,0,0.029259253971426796,1000,0.00037151729344909345,0.001
409,1,0.02860659930937476,1000,0.00037151729344909345,0.001
410,2,0.028950403106764614,1000,0.00037151729344909345,0.001
411,3,0.028211676635801222,1000,0.00037151729344909345,0.001
412,4,0.028655685254761965,1000,0.00037151729344909345,0.001
413,5,0.029727128628564622,1000,0.00037151729344909345,0.001
414,6,0.029144907189654488,1000,0.00037151729344909345,0.001
415,7,0.0294931151466775,1000,0.00037151729344909345,0.001
416,0,0.023420185983647954,998,0.00043438526283792197,0.0954851290732314
417,1,0.022967320818708486,998,0.00043438526283792197,0.0954851290732314
418,2,0.02314733811345404,998,0.00043438526283792197,0.0954851290732314
419,3,0.02297795625616639,998,0.00043438526283792197,0.0954851290732314
420,4,0.023414964962094026,998,0.00043438526283792197,0.0954851290732314
421,5,0.023979198419820658,998,0.00043438526283792197,0.0954851290732314
422,6,0.02330514420008584,998,0.00043438526283792197,0.0954851290732314
423,7,0.023473980259302585,998,0.00043438526283792197,0.0954851290732314
424,0,0.03098337426115779,1000,0.05470813774092297,0.001
425,1,0.030219116460537206,1000,0.05470813774092297,0.001
426,2,0.030036950144785687,1000,0.05470813774092297,0.001
427,3,0.0295944605185853,1000,0.05470813774092297,0.001
428,4,0.030054357351587027,1000,0.05470813774092297,0.001
429,5,0.031232900778219535,1000,0.05470813774092297,0.001
430,6,0.03052979337998819,1000,0.05470813774092297,0.001
431,7,0.03081092232010227,1000,0.05470813774092297,0.001
432,0,0.023390707638908714,12,0.0001746975502527099,0.2552574954984255
433,1,0.022725976925469658,12,0.0001746975502527099,0.2552574954984255
434,2,0.02285980851250938,12,0.0001746975502527099,0.2552574954984255
435,3,0.022438059130666203,12,0.0001746975502527099,0.2552574954984255
436,4,0.02302683530750186,12,0.0001746975502527099,0.2552574954984255
437,5,0.02378183822470389,12,0.0001746975502527099,0.2552574954984255
438,6,0.02275510769674204,12,0.0001746975502527099,0.2552574954984255
439,7,0.023893220628902125,12,0.0001746975502527099,0.2552574954984255
440,0,0.02014610678037624,13,0.003137716987405141,0.406941207825594
441,1,0.019655453082788137,13,0.003137716987405141,0.406941207825594
442,2,0.019712584248842667,13,0.003137716987405141,0.406941207825594
443,3,0.01945284575634777,13,0.003137716987405141,0.406941207825594
444,4,0.019890181897559922,13,0.003137716987405141,0.406941207825594
445,5,0.02044416826124874,13,0.003137716987405141,0.406941207825594
446,6,0.02009034379656952,13,0.003137716987405141,0.406941207825594
447,7,0.020476043973100468,13,0.003137716987405141,0.406941207825594
448,0,0.031002973612658,1000,0.054027185891886105,0.001
449,1,0.030252870105899318,1000,0.054027185891886105,0.001
450,2,0.030054082574858358,1000,0.054027185891886105,0.001
451,3,0.029604702834275083,1000,0.054027185891886105,0.001
452,4,0.0300387265258779,1000,0.054027185891886105,0.001
453,5,0.031233700047639822,1000,0.054027185891886105,0.001
454,6,0.030554062956786962,1000,0.054027185891886105,0.001
455,7,0.030795452385703994,1000,0.054027185891886105,0.001
456,0,0.01725686016961251,992,3.3605879351456764e-05,0.7675779253553902
457,1,0.017393958843526125,992,3.3605879351456764e-05,0.7675779253553902
458,2,0.017068988260124,992,3.3605879351456764e-05,0.7675779253553902
459,3,0.01705047438510472,992,3.3605879351456764e-05,0.7675779253553902
460,4,0.017758302979895033,992,3.3605879351456764e-05,0.7675779253553902
461,5,0.0178249030193392,992,3.3605879351456764e-05,0.7675779253553902
462,6,0.017642937117645308,992,3.3605879351456764e-05,0.7675779253553902
463,7,0.01723256850801249,992,3.3605879351456764e-05,0.7675779253553902
464,0,0.007420115391082784,69,0.012837954975035683,0.8852365961304429
465,1,0.0068768818910567514,69,0.012837954975035683,0.8852365961304429
466,2,0.008349763035408023,69,0.012837954975035683,0.8852365961304429
467,3,0.0077895166513843195,69,0.012837954975035683,0.8852365961304429
468,4,0.007549915870785138,69,0.012837954975035683,0.8852365961304429
469,5,0.0073275991687597715,69,0.012837954975035683,0.8852365961304429
470,6,0.007607787802340299,69,0.012837954975035683,0.8852365961304429
471,7,0.006926919507242785,69,0.012837954975035683,0.8852365961304429
472,0,0.031026415896494068,1000,0.05949604228338121,0.001
473,1,0.03025449640713763,1000,0.05949604228338121,0.001
474,2,0.030071603664550025,1000,0.05949604228338121,0.001
475,3,0.029549983450761916,1000,0.05949604228338121,0.001
476,4,0.030091689690665984,1000,0.05949604228338121,0.001
477,5,0.03126027377747415,1000,0.05949604228338121,0.001
478,6,0.03057814249448515,1000,0.05949604228338121,0.001
479,7,0.030782773929102197,1000,0.05949604228338121,0.001
480,0,0.029555972765547188,1000,0.0037540458528848575,0.001
481,1,0.028874331124405978,1000,0.0037540458528848575,0.001
482,2,0.029100040985923677,1000,0.0037540458528848575,0.001
483,3,0.028432066564362413,1000,0.0037540458528848575,0.001
484,4,0.028805871040111366,1000,0.0037540458528848575,0.001
485,5,0.030034091610520147,1000,0.0037540458528848575,0.001
486,6,0.029411718127671682,1000,0.0037540458528848575,0.001
487,7,0.029549305021017422,1000,0.0037540458528848575,0.001
488,0,0.0214787199109106,18,3.156162810161466e-05,0.8735479435840431
489,1,0.021385667865076983,18,3.156162810161466e-05,0.8735479435840431
490,2,0.021217631327692683,18,3.156162810161466e-05,0.8735479435840431
491,3,0.020884671604516056,18,3.156162810161466e-05,0.8735479435840431
492,4,0.021518631912378145,18,3.156162810161466e-05,0.8735479435840431
493,5,0.02242071009944175,18,3.156162810161466e-05,0.8735479435840431
494,6,0.02172528581088903,18,3.156162810161466e-05,0.8735479435840431
495,7,0.02202424903307963,18,3.156162810161466e-05,0.8735479435840431
496,0,0.031072348654299718,1000,0.0628176656639096,0.001
497,1,0.03027184888345757,1000,0.0628176656639096,0.001
498,2,0.03005006642546235,1000,0.0628176656639096,0.001
499,3,0.029613298144426797,1000,0.0628176656639096,0.001
500,4,0.030078648069011647,1000,0.0628176656639096,0.001
501,5,0.03127229447301267,1000,0.0628176656639096,0.001
502,6,0.030607182844537187,1000,0.0628176656639096,0.001
503,7,0.030841145511620646,1000,0.0628176656639096,0.001
504,0,0.01600835133840325,929,0.0054356714323878525,0.5872087080914243
505,1,0.015982806995937356,929,0.0054356714323878525,0.5872087080914243
506,2,0.016090331561987685,929,0.0054356714323878525,0.5872087080914243
507,3,0.015756153703624504,929,0.0054356714323878525,0.5872087080914243
508,4,0.016172610682498197,929,0.0054356714323878525,0.5872087080914243
509,5,0.016797719154135537,929,0.0054356714323878525,0.5872087080914243
510,6,0.01669655823352319,929,0.0054356714323878525,0.5872087080914243
511,7,0.01636780432255381,929,0.0054356714323878525,0.5872087080914243
512,0,0.03049933928531792,198,2.5375105952548225e-05,0.0018529998192419912
513,1,0.029529556840807426,198,2.5375105952548225e-05,0.0018529998192419912
514,2,0.029505978291593942,198,2.5375105952548225e-05,0.0018529998192419912
515,3,0.02938357254505139,198,2.5375105952548225e-05,0.0018529998192419912
516,4,0.02985339926641894,198,2.5375105952548225e-05,0.0018529998192419912
517,5,0.030555903752134912,198,2.5375105952548225e-05,0.0018529998192419912
518,6,0.030260005162729125,198,2.5375105952548225e-05,0.0018529998192419912
519,7,0.030456844149221143,198,2.5375105952548225e-05,0.0018529998192419912
520,0,4.8621620678386624e-05,977,0.9839118132226734,0.9914725381544844
521,1,2.844448233884223e-05,977,0.9839118132226734,0.9914725381544844
522,2,6.439972110727948e-05,977,0.9839118132226734,0.9914725381544844
523,3,4.340017958695001e-05,977,0.9839118132226734,0.9914725381544844
524,4,4.0371666300194716e-05,977,0.9839118132226734,0.9914725381544844
525,5,1.940008894839885e-05,977,0.9839118132226734,0.9914725381544844
526,6,2.0476713083716975e-05,977,0.9839118132226734,0.9914725381544844
527,7,4.754619202833133e-05,977,0.9839118132226734,0.9914725381544844
528,0,0.02518424262902579,5,0.00012224522571083367,0.001
529,1,0.02502520372186143,5,0.00012224522571083367,0.001
530,2,0.024962052688111195,5,0.00012224522571083367,0.001
531,3,0.024192690145997505,5,0.00012224522571083367,0.001
532,4,0.025273905921868157,5,0.00012224522571083367,0.001
533,5,0.02519390592678063,5,0.00012224522571083367,0.001
534,6,0.025090122084285498,5,0.00012224522571083367,0.001
535,7,0.025329750738850666,5,0.00012224522571083367,0.001
536,0,0.029191937218621403,535,0.00014666874368726062,0.001
537,1,0.02853113814244839,535,0.00014666874368726062,0.001
538,2,0.028792607301461836,535,0.00014666874368726062,0.001
539,3,0.028032339112105748,535,0.00014666874368726062,0.001
540,4,0.028981602311004266,535,0.00014666874368726062,0.001
541,5,0.029681867030057513,535,0.00014666874368726062,0.001
542,6,0.029177419712439312,535,0.00014666874368726062,0.001
543,7,0.029352737469630477,535,0.00014666874368726062,0.001
544,0,0.019711740416067835,503,1.2116055303023602e-05,0.3750973704023413
545,1,0.01961234820530551,503,1.2116055303023602e-05,0.3750973704023413
546,2,0.019561847130357208,503,1.2116055303023602e-05,0.3750973704023413
547,3,0.01932666771188171,503,1.2116055303023602e-05,0.3750973704023413
548,4,0.019960389161352877,503,1.2116055303023602e-05,0.3750973704023413
549,5,0.020273108778194094,503,1.2116055303023602e-05,0.3750973704023413
550,6,0.01979032748488003,503,1.2116055303023602e-05,0.3750973704023413
551,7,0.019693816460928756,503,1.2116055303023602e-05,0.3750973704023413
552,0,0.018102753427308684,467,0.0005083072583616787,0.5348974496095633
553,1,0.018130748303830945,467,0.0005083072583616787,0.5348974496095633
554,2,0.01795586632621656,467,0.0005083072583616787,0.5348974496095633
555,3,0.017848840523937804,467,0.0005083072583616787,0.5348974496095633
556,4,0.018580913025050747,467,0.0005083072583616787,0.5348974496095633
557,5,0.018671622137072345,467,0.0005083072583616787,0.5348974496095633
558,6,0.018577371252468514,467,0.0005083072583616787,0.5348974496095633
559,7,0.01812008422739809,467,0.0005083072583616787,0.5348974496095633
560,0,0.02570462881001563,67,0.1719522517822128,0.0056642502634535975
561,1,0.024341012475151528,67,0.1719522517822128,0.0056642502634535975
562,2,0.024805218717219125,67,0.1719522517822128,0.0056642502634535975
563,3,0.024367787422262154,67,0.1719522517822128,0.0056642502634535975
564,4,0.02486658827353467,67,0.1719522517822128,0.0056642502634535975
565,5,0.02564871792436861,67,0.1719522517822128,0.0056642502634535975
566,6,0.024933882229602057,67,0.1719522517822128,0.0056642502634535975
567,7,0.025615768325556777,67,0.1719522517822128,0.0056642502634535975
568,0,0.025338471520262487,5,0.0014788601135201553,0.001
569,1,0.025091980755961654,5,0.0014788601135201553,0.001
570,2,0.02508721286298448,5,0.0014788601135201553,0.001
571,3,0.024347706623971187,5,0.0014788601135201553,0.001
572,4,0.02533676781292719,5,0.0014788601135201553,0.001
573,5,0.025262393819827342,5,0.0014788601135201553,0.001
574,6,0.025234104416983816,5,0.0014788601135201553,0.001
575,7,0.025402931012090797,5,0.0014788601135201553,0.001
576,0,0.02913399975887498,711,2.5147188184977257e-05,0.001
577,1,0.0285772429930891,711,2.5147188184977257e-05,0.001
578,2,0.02879959139703916,711,2.5147188184977257e-05,0.001
579,3,0.02805221799385233,711,2.5147188184977257e-05,0.001
580,4,0.028846732663486512,711,2.5147188184977257e-05,0.001
581,5,0.029649761722750228,711,2.5147188184977257e-05,0.001
582,6,0.029155284116373786,711,2.5147188184977257e-05,0.001
583,7,0.029502253771860835,711,2.5147188184977257e-05,0.001
584,0,0.02518328685328488,5,1.4453934904732325e-05,0.001
585,1,0.02501347224787988,5,1.4453934904732325e-05,0.001
586,2,0.024981937142354582,5,1.4453934904732325e-05,0.001
587,3,0.024186339672720953,5,1.4453934904732325e-05,0.001
588,4,0.025265046860609982,5,1.4453934904732325e-05,0.001
589,5,0.025202662279389814,5,1.4453934904732325e-05,0.001
590,6,0.025047363286662874,5,1.4453934904732325e-05,0.001
591,7,0.025323439227350565,5,1.4453934904732325e-05,0.001
592,0,0.029034507866708685,265,0.00023218475155864835,0.001
593,1,0.02840606294575273,265,0.00023218475155864835,0.001
594,2,0.028642074327422787,265,0.00023218475155864835,0.001
595,3,0.028193785246314582,265,0.00023218475155864835,0.001
596,4,0.02892949955864055,265,0.00023218475155864835,0.001
597,5,0.029458542449119964,265,0.00023218475155864835,0.001
598,6,0.028865141919616845,265,0.00023218475155864835,0.001
599,7,0.029085222827240458,265,0.00023218475155864835,0.001
600,0,0.02909204080726183,368,4.432804995458824e-05,0.001
601,1,0.02836574883277371,368,4.432804995458824e-05,0.001
602,2,0.028812695900151588,368,4.432804995458824e-05,0.001
603,3,0.028146247757142844,368,4.432804995458824e-05,0.001
604,4,0.028907204520033397,368,4.432804995458824e-05,0.001
605,5,0.02945879963977504,368,4.432804995458824e-05,0.001
606,6,0.029111452389662642,368,4.432804995458824e-05,0.001
607,7,0.02922685171986722,368,4.432804995458824e-05,0.001
608,0,0.03108894980472063,762,0.004757148991723873,0.00261309621058982
609,1,0.030022716902006932,762,0.004757148991723873,0.00261309621058982
610,2,0.030084570762746777,762,0.004757148991723873,0.00261309621058982
611,3,0.029606021230535115,762,0.004757148991723873,0.00261309621058982
612,4,0.029866217818185544,762,0.004757148991723873,0.00261309621058982
613,5,0.031164875828352038,762,0.004757148991723873,0.00261309621058982
614,6,0.03059121956009149,762,0.004757148991723873,0.00261309621058982
615,7,0.030763241503612936,762,0.004757148991723873,0.00261309621058982
616,0,0.030090104667358487,505,0.03192243432115483,0.005125967041179928
617,1,0.028829465736359396,505,0.03192243432115483,0.005125967041179928
618,2,0.028691163215055448,505,0.03192243432115483,0.005125967041179928
619,3,0.028360017990368365,505,0.03192243432115483,0.005125967041179928
620,4,0.0288449162372573,505,0.03192243432115483,0.005125967041179928
621,5,0.029645986955290186,505,0.03192243432115483,0.005125967041179928
622,6,0.029405846711294478,505,0.03192243432115483,0.005125967041179928
623,7,0.02981384208709111,505,0.03192243432115483,0.005125967041179928
624,0,0.016023159913575617,487,0.0015508144681567206,0.9987215624979636
625,1,0.016115500545521418,487,0.0015508144681567206,0.9987215624979636
626,2,0.0160728693601171,487,0.0015508144681567206,0.9987215624979636
627,3,0.015933226594705176,487,0.0015508144681567206,0.9987215624979636
628,4,0.016279341657026828,487,0.0015508144681567206,0.9987215624979636
629,5,0.016555413902856347,487,0.0015508144681567206,0.9987215624979636
630,6,0.016776679510142542,487,0.0015508144681567206,0.9987215624979636
631,7,0.01601391620973536,487,0.0015508144681567206,0.9987215624979636
632,0,0.02119562786137844,39,1.114239432138496e-05,0.9887157341746857
633,1,0.020995552934526367,39,1.114239432138496e-05,0.9887157341746857
634,2,0.020799037066350147,39,1.114239432138496e-05,0.9887157341746857
635,3,0.020454680425497633,39,1.114239432138496e-05,0.9887157341746857
636,4,0.021307336927945283,39,1.114239432138496e-05,0.9887157341746857
637,5,0.021974709849373393,39,1.114239432138496e-05,0.9887157341746857
638,6,0.021290321942072917,39,1.114239432138496e-05,0.9887157341746857
639,7,0.021253108241234282,39,1.114239432138496e-05,0.9887157341746857
640,0,0.021544597051293024,450,8.164350184682208e-05,0.18948279690705033
641,1,0.021577081941898436,450,8.164350184682208e-05,0.18948279690705033
642,2,0.021789180815447146,450,8.164350184682208e-05,0.18948279690705033
643,3,0.02133943517212006,450,8.164350184682208e-05,0.18948279690705033
644,4,0.022075087714266632,450,8.164350184682208e-05,0.18948279690705033
645,5,0.02247780246808068,450,8.164350184682208e-05,0.18948279690705033
646,6,0.0216789004337643,450,8.164350184682208e-05,0.18948279690705033
647,7,0.02177537987855294,450,8.164350184682208e-05,0.18948279690705033
648,0,0.016767249174304902,631,0.00012421236804416552,0.9975201874472
649,1,0.017078053775308386,631,0.00012421236804416552,0.9975201874472
650,2,0.016741116575900893,631,0.00012421236804416552,0.9975201874472
651,3,0.01669990767267033,631,0.00012421236804416552,0.9975201874472
652,4,0.017417033935303312,631,0.00012421236804416552,0.9975201874472
653,5,0.01745708477162264,631,0.00012421236804416552,0.9975201874472
654,6,0.017314011107785427,631,0.00012421236804416552,0.9975201874472
655,7,0.016898953255219406,631,0.00012421236804416552,0.9975201874472
656,0,0.029200043465984038,753,0.0005723679471505418,0.013851896356191416
657,1,0.027974153652309593,753,0.0005723679471505418,0.013851896356191416
658,2,0.028078612100426607,753,0.0005723679471505418,0.013851896356191416
659,3,0.027393463288404977,753,0.0005723679471505418,0.013851896356191416
660,4,0.028092788309863365,753,0.0005723679471505418,0.013851896356191416
661,5,0.029130327605499738,753,0.0005723679471505418,0.013851896356191416
662,6,0.02871158240808064,753,0.0005723679471505418,0.013851896356191416
663,7,0.029065587453633898,753,0.0005723679471505418,0.013851896356191416
664,0,0.01679081836612313,988,1.02845506021382e-05,0.9661636266273496
665,1,0.016996663714061503,988,1.02845506021382e-05,0.9661636266273496
666,2,0.016669858386567957,988,1.02845506021382e-05,0.9661636266273496
667,3,0.016641688402388798,988,1.02845506021382e-05,0.9661636266273496
668,4,0.017295918936402786,988,1.02845506021382e-05,0.9661636266273496
669,5,0.017349780873561937,988,1.02845506021382e-05,0.9661636266273496
670,6,0.017239068396655958,988,1.02845506021382e-05,0.9661636266273496
671,7,0.01679497565672974,988,1.02845506021382e-05,0.9661636266273496
672,0,0.0255364043478675,436,0.7994095407086833,0.0014544868012747272
673,1,0.024268827594700476,436,0.7994095407086833,0.0014544868012747272
674,2,0.02478901278886435,436,0.7994095407086833,0.0014544868012747272
675,3,0.024357897470738032,436,0.7994095407086833,0.0014544868012747272
676,4,0.02482904879813134,436,0.7994095407086833,0.0014544868012747272
677,5,0.025595218311341556,436,0.7994095407086833,0.0014544868012747272
678,6,0.024844876625032288,436,0.7994095407086833,0.0014544868012747272
679,7,0.025479061144846327,436,0.7994095407086833,0.0014544868012747272
680,0,0.02985334196307637,578,0.010793611819811469,0.001
681,1,0.029009677281835008,578,0.010793611819811469,0.001
682,2,0.029262563520329844,578,0.010793611819811469,0.001
683,3,0.028758502270175616,578,0.010793611819811469,0.001
684,4,0.029365075381688716,578,0.010793611819811469,0.001
685,5,0.030194360956401267,578,0.010793611819811469,0.001
686,6,0.029769751793098365,578,0.010793611819811469,0.001
687,7,0.03002356324023674,578,0.010793611819811469,0.001
688,0,0.02930720932519871,699,0.002363373177060422,0.001
689,1,0.028709640492690536,699,0.002363373177060422,0.001
690,2,0.02894882098730554,699,0.002363373177060422,0.001
691,3,0.0282284832187557,699,0.002363373177060422,0.001
692,4,0.029097188363400132,699,0.002363373177060422,0.001
693,5,0.029872920118956817,699,0.002363373177060422,0.001
694,6,0.029285207514779702,699,0.002363373177060422,0.001
695,7,0.029560866886500673,699,0.002363373177060422,0.001
696,0,0.031085685890053495,775,0.05477307192674328,0.001
697,1,0.03021021917172346,775,0.05477307192674328,0.001
698,2,0.030067819140583433,775,0.05477307192674328,0.001
699,3,0.02971671900660247,775,0.05477307192674328,0.001
700,4,0.03006968942298215,775,0.05477307192674328,0.001
701,5,0.03117986410837165,775,0.05477307192674328,0.001
702,6,0.03071021175106808,775,0.05477307192674328,0.001
703,7,0.030822694041363126,775,0.05477307192674328,0.001
704,0,0.02905010565089534,404,2.1267409136888216e-05,0.001
705,1,0.02837830924670685,404,2.1267409136888216e-05,0.001
706,2,0.028794676226908313,404,2.1267409136888216e-05,0.001
707,3,0.02811486359151745,404,2.1267409136888216e-05,0.001
708,4,0.02893278983948542,404,2.1267409136888216e-05,0.001
709,5,0.029497022127892784,404,2.1267409136888216e-05,0.001
710,6,0.029113408208739096,404,2.1267409136888216e-05,0.001
711,7,0.02928438387927525,404,2.1267409136888216e-05,0.001
712,0,0.018354162105911044,492,1.3011980311538112e-05,0.6236291227043029
713,1,0.01829402973762865,492,1.3011980311538112e-05,0.6236291227043029
714,2,0.01822363710026949,492,1.3011980311538112e-05,0.6236291227043029
715,3,0.01811744099681837,492,1.3011980311538112e-05,0.6236291227043029
716,4,0.01869151983887982,492,1.3011980311538112e-05,0.6236291227043029
717,5,0.018971217595955905,492,1.3011980311538112e-05,0.6236291227043029
718,6,0.018642024138133106,492,1.3011980311538112e-05,0.6236291227043029
719,7,0.018406838289097262,492,1.3011980311538112e-05,0.6236291227043029
720,0,0.02199168594081647,592,1.0369466200602186e-05,0.15915247532205803
721,1,0.021893034378113546,592,1.0369466200602186e-05,0.15915247532205803
722,2,0.02206502314683957,592,1.0369466200602186e-05,0.15915247532205803
723,3,0.021737658148163995,592,1.0369466200602186e-05,0.15915247532205803
724,4,0.022458373565580933,592,1.0369466200602186e-05,0.15915247532205803
725,5,0.022877389696863256,592,1.0369466200602186e-05,0.15915247532205803
726,6,0.021985473094422597,592,1.0369466200602186e-05,0.15915247532205803
727,7,0.022141891014371574,592,1.0369466200602186e-05,0.15915247532205803
728,0,0.03010658287567161,780,0.017820512703669026,0.001
729,1,0.02944185104659615,780,0.017820512703669026,0.001
730,2,0.029485037782426154,780,0.017820512703669026,0.001
731,3,0.02906912909831214,780,0.017820512703669026,0.001
732,4,0.02943249028849335,780,0.017820512703669026,0.001
733,5,0.03048176953501524,780,0.017820512703669026,0.001
734,6,0.0299486656879656,780,0.017820512703669026,0.001
735,7,0.030212583902715827,780,0.017820512703669026,0.001
736,0,0.01629723753049749,411,0.00443908447338248,0.6131176958367465
737,1,0.016312046155376455,411,0.00443908447338248,0.6131176958367465
738,2,0.016268965804234894,411,0.00443908447338248,0.6131176958367465
739,3,0.016011605846236156,411,0.00443908447338248,0.6131176958367465
740,4,0.01648634652951053,411,0.00443908447338248,0.6131176958367465
741,5,0.017015959273661913,411,0.00443908447338248,0.6131176958367465
742,6,0.01696810827161021,411,0.00443908447338248,0.6131176958367465
743,7,0.01647171064926995,411,0.00443908447338248,0.6131176958367465
744,0,0.02851101244015518,489,0.1527986152316919,0.0032812267223788077
745,1,0.02741812836411477,489,0.1527986152316919,0.0032812267223788077
746,2,0.027241082028379316,489,0.1527986152316919,0.0032812267223788077
747,3,0.026818408929303976,489,0.1527986152316919,0.0032812267223788077
748,4,0.027632885918872738,489,0.1527986152316919,0.0032812267223788077
749,5,0.028228051349499295,489,0.1527986152316919,0.0032812267223788077
750,6,0.028093555457368857,489,0.1527986152316919,0.0032812267223788077
751,7,0.028179825811785606,489,0.1527986152316919,0.0032812267223788077
752,0,0.02915530443638591,813,0.0001578576024427057,0.001
753,1,0.028598838852494646,813,0.0001578576024427057,0.001
754,2,0.028851169276575106,813,0.0001578576024427057,0.001
755,3,0.028110251184181242,813,0.0001578576024427057,0.001
756,4,0.028797450151847037,813,0.0001578576024427057,0.001
757,5,0.029693294208699664,813,0.0001578576024427057,0.001
758,6,0.02918179853004775,813,0.0001578576024427057,0.001
759,7,0.029407794914680006,813,0.0001578576024427057,0.001
760,0,0.016405831104511874,983,0.00037058105739443305,0.8786843231341444
761,1,0.016682013897770385,983,0.00037058105739443305,0.8786843231341444
762,2,0.01643142159911062,983,0.00037058105739443305,0.8786843231341444
763,3,0.016273499522526772,983,0.00037058105739443305,0.8786843231341444
764,4,0.016915764030299235,983,0.00037058105739443305,0.8786843231341444
765,5,0.016949184666055765,983,0.00037058105739443305,0.8786843231341444
766,6,0.016998474936218103,983,0.00037058105739443305,0.8786843231341444
767,7,0.01645593583006266,983,0.00037058105739443305,0.8786843231341444
768,0,4.8621620678386624e-05,6,0.1476580138287024,0.17269622746457783
769,1,2.844448233884223e-05,6,0.1476580138287024,0.17269622746457783
770,2,6.439972110727948e-05,6,0.1476580138287024,0.17269622746457783
771,3,4.340017958695001e-05,6,0.1476580138287024,0.17269622746457783
772,4,4.0371666300194716e-05,6,0.1476580138287024,0.17269622746457783
773,5,1.940008894839885e-05,6,0.1476580138287024,0.17269622746457783
774,6,2.0476713083716975e-05,6,0.1476580138287024,0.17269622746457783
775,7,4.754619202833133e-05,6,0.1476580138287024,0.17269622746457783
776,0,0.022370605414529014,17,0.0061326952455420265,0.13412733722383294
777,1,0.0217125741506524,17,0.0061326952455420265,0.13412733722383294
778,2,0.021912350581968748,17,0.0061326952455420265,0.13412733722383294
779,3,0.021463071443616234,17,0.0061326952455420265,0.13412733722383294
780,4,0.02219593980937075,17,0.0061326952455420265,0.13412733722383294
781,5,0.02260637009814396,17,0.0061326952455420265,0.13412733722383294
782,6,0.021970776737313746,17,0.0061326952455420265,0.13412733722383294
783,7,0.022630360033323502,17,0.0061326952455420265,0.13412733722383294
784,0,0.029203930022938734,1000,1.7988415948882323e-05,0.001
785,1,0.028576560104462377,1000,1.7988415948882323e-05,0.001
786,2,0.028936992386982704,1000,1.7988415948882323e-05,0.001
787,3,0.02815818854729368,1000,1.7988415948882323e-05,0.001
788,4,0.028659684579178876,1000,1.7988415948882323e-05,0.001
789,5,0.02969760314136638,1000,1.7988415948882323e-05,0.001
790,6,0.02915974607608868,1000,1.7988415948882323e-05,0.001
791,7,0.029456232003877373,1000,1.7988415948882323e-05,0.001
792,0,0.02967969218468933,792,0.007017143018354344,0.001
793,1,0.029014848288199786,792,0.007017143018354344,0.001
794,2,0.029199961840692158,792,0.007017143018354344,0.001
795,3,0.02875748081001014,792,0.007017143018354344,0.001
796,4,0.02915854851610738,792,0.007017143018354344,0.001
797,5,0.03019212537609199,792,0.007017143018354344,0.001
798,6,0.029574363883702607,792,0.007017143018354344,0.001
799,7,0.02978478696075003,792,0.007017143018354344,0.001
