,num_factors,solver,init_type,beta_loss
0,30,multiplicative_update,nndsvda,kullback-leibler
1,339,coordinate_descent,random,frobenius
2,70,multiplicative_update,random,kullback-leibler
3,286,multiplicative_update,nndsvda,frobenius
4,164,coordinate_descent,random,kullback-leibler
5,1,coordinate_descent,nndsvda,frobenius
6,1,multiplicative_update,random,frobenius
7,350,multiplicative_update,nndsvda,kullback-leibler
8,350,multiplicative_update,random,frobenius
9,350,coordinate_descent,nndsvda,frobenius
